DateTime, Sensor, Temperature (Celcius), Relative Humidity (%), Pressure (hPa)
2017-10-22 00:00:07 +0800, BME280, 26.780001, 56.049805, 1008.622
2017-10-22 00:00:38 +0800, BME280, 26.770000, 56.037109, 1008.611
2017-10-22 00:01:10 +0800, BME280, 26.780001, 56.039062, 1008.639
2017-10-22 00:01:41 +0800, BME280, 26.780001, 56.049805, 1008.654
2017-10-22 00:02:13 +0800, BME280, 26.780001, 56.027344, 1008.663
2017-10-22 00:02:44 +0800, BME280, 26.770000, 55.982422, 1008.611
2017-10-22 00:03:15 +0800, BME280, 26.780001, 56.016602, 1008.639
2017-10-22 00:03:47 +0800, BME280, 26.780001, 56.027344, 1008.599
2017-10-22 00:04:20 +0800, BME280, 26.780001, 55.993164, 1008.643
2017-10-22 00:04:51 +0800, BME280, 26.780001, 55.982422, 1008.648
2017-10-22 00:05:23 +0800, BME280, 26.780001, 55.983398, 1008.675
2017-10-22 00:05:54 +0800, BME280, 26.770000, 56.025391, 1008.645
2017-10-22 00:06:27 +0800, BME280, 26.780001, 55.993164, 1008.643
2017-10-22 00:06:58 +0800, BME280, 26.770000, 55.992188, 1008.651
2017-10-22 00:07:30 +0800, BME280, 26.780001, 55.994141, 1008.665
2017-10-22 00:08:01 +0800, BME280, 26.780001, 55.970703, 1008.663
2017-10-22 00:08:33 +0800, BME280, 26.780001, 55.993164, 1008.699
2017-10-22 00:09:04 +0800, BME280, 26.770000, 55.993164, 1008.635
2017-10-22 00:09:36 +0800, BME280, 26.780001, 56.025391, 1008.665
2017-10-22 00:10:08 +0800, BME280, 26.780001, 55.927734, 1008.696
2017-10-22 00:10:39 +0800, BME280, 26.780001, 55.948242, 1008.693
2017-10-22 00:11:11 +0800, BME280, 26.780001, 55.927734, 1008.677
2017-10-22 00:11:42 +0800, BME280, 26.780001, 55.915039, 1008.689
2017-10-22 00:12:13 +0800, BME280, 26.780001, 55.892578, 1008.645
2017-10-22 00:12:45 +0800, BME280, 26.780001, 55.892578, 1008.668
2017-10-22 00:13:16 +0800, BME280, 26.780001, 55.905273, 1008.642
2017-10-22 00:13:48 +0800, BME280, 26.780001, 55.882812, 1008.672
2017-10-22 00:14:19 +0800, BME280, 26.780001, 55.892578, 1008.640
2017-10-22 00:14:51 +0800, BME280, 26.780001, 55.870117, 1008.656
2017-10-22 00:15:22 +0800, BME280, 26.780001, 55.881836, 1008.644
2017-10-22 00:15:54 +0800, BME280, 26.780001, 55.848633, 1008.614
2017-10-22 00:16:25 +0800, BME280, 26.780001, 55.847656, 1008.626
2017-10-22 00:16:56 +0800, BME280, 26.780001, 55.860352, 1008.653
2017-10-22 00:17:28 +0800, BME280, 26.780001, 55.836914, 1008.625
2017-10-22 00:17:59 +0800, BME280, 26.780001, 55.837891, 1008.637
2017-10-22 00:18:31 +0800, BME280, 26.780001, 55.782227, 1008.612
2017-10-22 00:19:02 +0800, BME280, 26.780001, 55.815430, 1008.604
2017-10-22 00:19:34 +0800, BME280, 26.780001, 55.826172, 1008.604
2017-10-22 00:20:05 +0800, BME280, 26.780001, 55.826172, 1008.604
2017-10-22 00:20:36 +0800, BME280, 26.780001, 55.815430, 1008.611
2017-10-22 00:21:08 +0800, BME280, 26.780001, 55.826172, 1008.623
2017-10-22 00:21:39 +0800, BME280, 26.780001, 55.780273, 1008.638
2017-10-22 00:22:10 +0800, BME280, 26.780001, 55.782227, 1008.639
2017-10-22 00:22:42 +0800, BME280, 26.780001, 55.780273, 1008.653
2017-10-22 00:23:13 +0800, BME280, 26.780001, 55.780273, 1008.632
2017-10-22 00:23:45 +0800, BME280, 26.780001, 55.724609, 1008.626
2017-10-22 00:24:16 +0800, BME280, 26.770000, 55.746094, 1008.642
2017-10-22 00:24:48 +0800, BME280, 26.770000, 55.769531, 1008.597
2017-10-22 00:25:19 +0800, BME280, 26.780001, 55.769531, 1008.594
2017-10-22 00:25:50 +0800, BME280, 26.770000, 55.734375, 1008.596
2017-10-22 00:26:22 +0800, BME280, 26.770000, 55.734375, 1008.596
2017-10-22 00:26:53 +0800, BME280, 26.770000, 55.768555, 1008.561
2017-10-22 00:27:25 +0800, BME280, 26.770000, 55.756836, 1008.586
2017-10-22 00:27:56 +0800, BME280, 26.770000, 55.734375, 1008.565
2017-10-22 00:28:27 +0800, BME280, 26.780001, 55.724609, 1008.585
2017-10-22 00:28:59 +0800, BME280, 26.780001, 55.759766, 1008.613
2017-10-22 00:29:30 +0800, BME280, 26.770000, 55.734375, 1008.570
2017-10-22 00:30:02 +0800, BME280, 26.770000, 55.723633, 1008.553
2017-10-22 00:30:33 +0800, BME280, 26.780001, 55.691406, 1008.577
2017-10-22 00:31:04 +0800, BME280, 26.770000, 55.667969, 1008.578
2017-10-22 00:31:36 +0800, BME280, 26.780001, 55.691406, 1008.590
2017-10-22 00:32:07 +0800, BME280, 26.780001, 55.658203, 1008.599
2017-10-22 00:32:39 +0800, BME280, 26.780001, 55.646484, 1008.597
2017-10-22 00:33:10 +0800, BME280, 26.780001, 55.657227, 1008.594
2017-10-22 00:33:41 +0800, BME280, 26.740000, 55.676758, 1008.529
2017-10-22 00:34:13 +0800, BME280, 26.780001, 55.668945, 1008.555
2017-10-22 00:34:44 +0800, BME280, 26.770000, 55.656250, 1008.529
2017-10-22 00:35:16 +0800, BME280, 26.780001, 55.624023, 1008.573
2017-10-22 00:35:47 +0800, BME280, 26.780001, 55.602539, 1008.572
2017-10-22 00:36:18 +0800, BME280, 26.780001, 55.668945, 1008.548
2017-10-22 00:36:50 +0800, BME280, 26.780001, 55.646484, 1008.587
2017-10-22 00:37:21 +0800, BME280, 26.770000, 55.600586, 1008.541
2017-10-22 00:37:53 +0800, BME280, 26.780001, 55.589844, 1008.497
2017-10-22 00:38:24 +0800, BME280, 26.780001, 55.646484, 1008.535
2017-10-22 00:38:55 +0800, BME280, 26.770000, 55.600586, 1008.502
2017-10-22 00:39:27 +0800, BME280, 26.770000, 55.600586, 1008.517
2017-10-22 00:39:58 +0800, BME280, 26.780001, 55.601562, 1008.519
2017-10-22 00:40:30 +0800, BME280, 26.780001, 55.545898, 1008.488
2017-10-22 00:41:01 +0800, BME280, 26.780001, 55.556641, 1008.500
2017-10-22 00:41:32 +0800, BME280, 26.780001, 55.568359, 1008.517
2017-10-22 00:42:04 +0800, BME280, 26.780001, 55.569336, 1008.526
2017-10-22 00:42:35 +0800, BME280, 26.780001, 55.512695, 1008.491
2017-10-22 00:43:07 +0800, BME280, 26.780001, 55.569336, 1008.513
2017-10-22 00:43:38 +0800, BME280, 26.780001, 55.546875, 1008.482
2017-10-22 00:44:09 +0800, BME280, 26.770000, 55.477539, 1008.487
2017-10-22 00:44:41 +0800, BME280, 26.790001, 55.546875, 1008.504
2017-10-22 00:45:12 +0800, BME280, 26.780001, 55.511719, 1008.523
2017-10-22 00:45:44 +0800, BME280, 26.780001, 55.545898, 1008.526
2017-10-22 00:46:15 +0800, BME280, 26.770000, 55.491211, 1008.493
2017-10-22 00:46:47 +0800, BME280, 26.780001, 55.534180, 1008.509
2017-10-22 00:47:18 +0800, BME280, 26.770000, 55.522461, 1008.532
2017-10-22 00:47:49 +0800, BME280, 26.780001, 55.500977, 1008.531
2017-10-22 00:48:21 +0800, BME280, 26.780001, 55.479492, 1008.536
2017-10-22 00:48:53 +0800, BME280, 26.770000, 55.543945, 1008.495
2017-10-22 00:49:24 +0800, BME280, 26.770000, 55.543945, 1008.493
2017-10-22 00:49:55 +0800, BME280, 26.780001, 55.500977, 1008.495
2017-10-22 00:50:27 +0800, BME280, 26.780001, 55.511719, 1008.501
2017-10-22 00:50:58 +0800, BME280, 26.780001, 55.511719, 1008.496
2017-10-22 00:51:30 +0800, BME280, 26.770000, 55.443359, 1008.554
2017-10-22 00:52:01 +0800, BME280, 26.770000, 55.500000, 1008.547
2017-10-22 00:52:32 +0800, BME280, 26.780001, 55.511719, 1008.535
2017-10-22 00:53:04 +0800, BME280, 26.780001, 55.489258, 1008.545
2017-10-22 00:53:35 +0800, BME280, 26.770000, 55.488281, 1008.554
2017-10-22 00:54:07 +0800, BME280, 26.780001, 55.500977, 1008.535
2017-10-22 00:54:38 +0800, BME280, 26.780001, 55.466797, 1008.523
2017-10-22 00:55:09 +0800, BME280, 26.780001, 55.456055, 1008.522
2017-10-22 00:55:41 +0800, BME280, 26.740000, 55.463867, 1008.463
2017-10-22 00:56:12 +0800, BME280, 26.780001, 55.457031, 1008.501
2017-10-22 00:56:44 +0800, BME280, 26.780001, 55.446289, 1008.522
2017-10-22 00:57:15 +0800, BME280, 26.780001, 55.434570, 1008.489
2017-10-22 00:57:47 +0800, BME280, 26.780001, 55.412109, 1008.481
2017-10-22 00:58:18 +0800, BME280, 26.780001, 55.444336, 1008.509
2017-10-22 00:58:49 +0800, BME280, 26.780001, 55.433594, 1008.513
2017-10-22 00:59:21 +0800, BME280, 26.780001, 55.444336, 1008.504
2017-10-22 00:59:52 +0800, BME280, 26.780001, 55.400391, 1008.475
2017-10-22 01:00:24 +0800, BME280, 26.780001, 55.423828, 1008.484
2017-10-22 01:00:55 +0800, BME280, 26.780001, 55.444336, 1008.498
2017-10-22 01:01:26 +0800, BME280, 26.780001, 55.444336, 1008.499
2017-10-22 01:02:03 +0800, BME280, 26.780001, 55.400391, 1008.527
2017-10-22 01:02:35 +0800, BME280, 26.790001, 55.412109, 1008.529
2017-10-22 01:03:07 +0800, BME280, 26.790001, 55.423828, 1008.512
2017-10-22 01:03:38 +0800, BME280, 26.780001, 55.456055, 1008.501
2017-10-22 01:04:09 +0800, BME280, 26.770000, 55.410156, 1008.497
2017-10-22 01:04:41 +0800, BME280, 26.780001, 55.433594, 1008.507
2017-10-22 01:05:12 +0800, BME280, 26.780001, 55.355469, 1008.497
2017-10-22 01:05:44 +0800, BME280, 26.780001, 55.422852, 1008.515
2017-10-22 01:06:15 +0800, BME280, 26.780001, 55.444336, 1008.483
2017-10-22 01:06:46 +0800, BME280, 26.780001, 55.378906, 1008.500
2017-10-22 01:07:18 +0800, BME280, 26.780001, 55.411133, 1008.516
2017-10-22 01:07:49 +0800, BME280, 26.780001, 55.365234, 1008.492
2017-10-22 01:08:21 +0800, BME280, 26.770000, 55.410156, 1008.485
2017-10-22 01:08:52 +0800, BME280, 26.770000, 55.398438, 1008.523
2017-10-22 01:09:24 +0800, BME280, 26.780001, 55.400391, 1008.496
2017-10-22 01:09:55 +0800, BME280, 26.780001, 55.411133, 1008.535
2017-10-22 01:10:27 +0800, BME280, 26.780001, 55.411133, 1008.547
2017-10-22 01:10:58 +0800, BME280, 26.770000, 55.420898, 1008.578
2017-10-22 01:11:29 +0800, BME280, 26.780001, 55.377930, 1008.535
2017-10-22 01:12:01 +0800, BME280, 26.780001, 55.377930, 1008.582
2017-10-22 01:12:32 +0800, BME280, 26.780001, 55.333008, 1008.555
2017-10-22 01:13:03 +0800, BME280, 26.780001, 55.345703, 1008.555
2017-10-22 01:13:35 +0800, BME280, 26.770000, 55.365234, 1008.524
2017-10-22 01:14:06 +0800, BME280, 26.780001, 55.388672, 1008.530
2017-10-22 01:14:38 +0800, BME280, 26.770000, 55.365234, 1008.529
2017-10-22 01:15:09 +0800, BME280, 26.780001, 55.333008, 1008.496
2017-10-22 01:15:41 +0800, BME280, 26.780001, 55.311523, 1008.514
2017-10-22 01:16:12 +0800, BME280, 26.780001, 55.333008, 1008.525
2017-10-22 01:16:44 +0800, BME280, 26.780001, 55.220703, 1008.518
2017-10-22 01:17:15 +0800, BME280, 26.780001, 55.278320, 1008.499
2017-10-22 01:17:46 +0800, BME280, 26.780001, 55.345703, 1008.511
2017-10-22 01:18:18 +0800, BME280, 26.780001, 55.343750, 1008.482
2017-10-22 01:18:49 +0800, BME280, 26.780001, 55.311523, 1008.460
2017-10-22 01:19:20 +0800, BME280, 26.780001, 55.323242, 1008.432
2017-10-22 01:19:52 +0800, BME280, 26.780001, 55.255859, 1008.437
2017-10-22 01:20:23 +0800, BME280, 26.790001, 55.266602, 1008.468
2017-10-22 01:20:55 +0800, BME280, 26.770000, 55.242188, 1008.421
2017-10-22 01:21:26 +0800, BME280, 26.780001, 55.233398, 1008.409
2017-10-22 01:21:58 +0800, BME280, 26.780001, 55.233398, 1008.438
2017-10-22 01:22:29 +0800, BME280, 26.780001, 55.244141, 1008.452
2017-10-22 01:23:01 +0800, BME280, 26.780001, 55.255859, 1008.423
2017-10-22 01:23:32 +0800, BME280, 26.780001, 55.255859, 1008.414
2017-10-22 01:24:03 +0800, BME280, 26.780001, 55.244141, 1008.428
2017-10-22 01:24:35 +0800, BME280, 26.770000, 55.275391, 1008.426
2017-10-22 01:25:06 +0800, BME280, 26.780001, 55.266602, 1008.432
2017-10-22 01:25:38 +0800, BME280, 26.780001, 55.289062, 1008.421
2017-10-22 01:26:09 +0800, BME280, 26.780001, 55.265625, 1008.442
2017-10-22 01:26:41 +0800, BME280, 26.770000, 55.287109, 1008.417
2017-10-22 01:27:12 +0800, BME280, 26.780001, 55.255859, 1008.406
2017-10-22 01:27:44 +0800, BME280, 26.780001, 55.221680, 1008.420
2017-10-22 01:28:15 +0800, BME280, 26.780001, 55.232422, 1008.410
2017-10-22 01:28:47 +0800, BME280, 26.790001, 55.221680, 1008.401
2017-10-22 01:29:18 +0800, BME280, 26.780001, 55.233398, 1008.433
2017-10-22 01:29:50 +0800, BME280, 26.780001, 55.278320, 1008.427
2017-10-22 01:30:21 +0800, BME280, 26.770000, 55.219727, 1008.431
2017-10-22 01:30:53 +0800, BME280, 26.770000, 55.252930, 1008.423
2017-10-22 01:31:24 +0800, BME280, 26.780001, 55.255859, 1008.437
2017-10-22 01:31:56 +0800, BME280, 26.770000, 55.231445, 1008.409
2017-10-22 01:32:35 +0800, BME280, 26.780001, 55.243164, 1008.430
2017-10-22 01:33:06 +0800, BME280, 26.770000, 55.231445, 1008.436
2017-10-22 01:33:37 +0800, BME280, 26.770000, 55.219727, 1008.461
2017-10-22 01:34:09 +0800, BME280, 26.780001, 55.244141, 1008.432
2017-10-22 01:34:40 +0800, BME280, 26.780001, 55.188477, 1008.454
2017-10-22 01:35:12 +0800, BME280, 26.780001, 55.155273, 1008.435
2017-10-22 01:35:43 +0800, BME280, 26.780001, 55.177734, 1008.411
2017-10-22 01:36:14 +0800, BME280, 26.780001, 55.187500, 1008.400
2017-10-22 01:36:46 +0800, BME280, 26.780001, 55.142578, 1008.426
2017-10-22 01:37:18 +0800, BME280, 26.780001, 55.175781, 1008.460
2017-10-22 01:37:49 +0800, BME280, 26.770000, 55.164062, 1008.422
2017-10-22 01:38:20 +0800, BME280, 26.780001, 55.166016, 1008.423
2017-10-22 01:38:52 +0800, BME280, 26.780001, 55.165039, 1008.381
2017-10-22 01:39:23 +0800, BME280, 26.770000, 55.141602, 1008.355
2017-10-22 01:39:55 +0800, BME280, 26.770000, 55.085938, 1008.372
2017-10-22 01:40:26 +0800, BME280, 26.770000, 55.041016, 1008.387
2017-10-22 01:40:58 +0800, BME280, 26.770000, 55.129883, 1008.379
2017-10-22 01:41:29 +0800, BME280, 26.780001, 55.110352, 1008.364
2017-10-22 01:42:00 +0800, BME280, 26.780001, 55.051758, 1008.383
2017-10-22 01:42:32 +0800, BME280, 26.770000, 55.064453, 1008.306
2017-10-22 01:43:03 +0800, BME280, 26.770000, 55.085938, 1008.370
2017-10-22 01:43:35 +0800, BME280, 26.780001, 55.086914, 1008.339
2017-10-22 01:44:06 +0800, BME280, 26.770000, 55.107422, 1008.342
2017-10-22 01:44:37 +0800, BME280, 26.770000, 55.063477, 1008.299
2017-10-22 01:45:09 +0800, BME280, 26.780001, 55.098633, 1008.330
2017-10-22 01:45:40 +0800, BME280, 26.770000, 55.074219, 1008.327
2017-10-22 01:46:12 +0800, BME280, 26.770000, 55.029297, 1008.330
2017-10-22 01:46:43 +0800, BME280, 26.780001, 55.052734, 1008.323
2017-10-22 01:47:15 +0800, BME280, 26.770000, 55.029297, 1008.336
2017-10-22 01:47:46 +0800, BME280, 26.780001, 55.065430, 1008.361
2017-10-22 01:48:17 +0800, BME280, 26.780001, 55.030273, 1008.344
2017-10-22 01:48:49 +0800, BME280, 26.770000, 55.074219, 1008.295
2017-10-22 01:49:20 +0800, BME280, 26.780001, 55.052734, 1008.307
2017-10-22 01:49:52 +0800, BME280, 26.770000, 55.030273, 1008.303
2017-10-22 01:50:23 +0800, BME280, 26.780001, 55.020508, 1008.322
2017-10-22 01:50:54 +0800, BME280, 26.780001, 55.007812, 1008.333
2017-10-22 01:51:26 +0800, BME280, 26.770000, 55.051758, 1008.330
2017-10-22 01:51:57 +0800, BME280, 26.780001, 55.019531, 1008.308
2017-10-22 01:52:28 +0800, BME280, 26.780001, 54.998047, 1008.349
2017-10-22 01:53:00 +0800, BME280, 26.770000, 54.974609, 1008.299
2017-10-22 01:53:31 +0800, BME280, 26.780001, 55.052734, 1008.317
2017-10-22 01:54:03 +0800, BME280, 26.780001, 54.918945, 1008.295
2017-10-22 01:54:34 +0800, BME280, 26.780001, 54.919922, 1008.342
2017-10-22 01:55:05 +0800, BME280, 26.770000, 55.006836, 1008.304
2017-10-22 01:55:37 +0800, BME280, 26.790001, 54.897461, 1008.269
2017-10-22 01:56:08 +0800, BME280, 26.780001, 55.041992, 1008.274
2017-10-22 01:56:40 +0800, BME280, 26.780001, 55.030273, 1008.296
2017-10-22 01:57:11 +0800, BME280, 26.780001, 54.986328, 1008.297
2017-10-22 01:57:42 +0800, BME280, 26.780001, 54.964844, 1008.256
2017-10-22 01:58:14 +0800, BME280, 26.780001, 54.974609, 1008.269
2017-10-22 01:58:45 +0800, BME280, 26.780001, 54.986328, 1008.282
2017-10-22 01:59:17 +0800, BME280, 26.790001, 54.975586, 1008.273
2017-10-22 01:59:48 +0800, BME280, 26.780001, 54.907227, 1008.293
2017-10-22 02:00:19 +0800, BME280, 26.780001, 54.987305, 1008.260
2017-10-22 02:00:51 +0800, BME280, 26.780001, 54.987305, 1008.270
2017-10-22 02:01:22 +0800, BME280, 26.780001, 54.919922, 1008.257
2017-10-22 02:01:54 +0800, BME280, 26.780001, 54.839844, 1008.257
2017-10-22 02:02:25 +0800, BME280, 26.780001, 54.919922, 1008.221
2017-10-22 02:03:01 +0800, BME280, 26.790001, 54.919922, 1008.220
2017-10-22 02:03:32 +0800, BME280, 26.780001, 54.964844, 1008.182
2017-10-22 02:04:04 +0800, BME280, 26.780001, 54.875000, 1008.232
2017-10-22 02:04:35 +0800, BME280, 26.770000, 54.928711, 1008.186
2017-10-22 02:05:07 +0800, BME280, 26.770000, 54.906250, 1008.201
2017-10-22 02:05:38 +0800, BME280, 26.780001, 54.963867, 1008.216
2017-10-22 02:06:10 +0800, BME280, 26.770000, 54.939453, 1008.209
2017-10-22 02:06:41 +0800, BME280, 26.780001, 54.918945, 1008.225
2017-10-22 02:07:13 +0800, BME280, 26.780001, 54.929688, 1008.218
2017-10-22 02:07:44 +0800, BME280, 26.780001, 54.874023, 1008.220
2017-10-22 02:08:16 +0800, BME280, 26.770000, 54.951172, 1008.174
2017-10-22 02:08:47 +0800, BME280, 26.780001, 54.907227, 1008.159
2017-10-22 02:09:19 +0800, BME280, 26.770000, 54.895508, 1008.161
2017-10-22 02:09:50 +0800, BME280, 26.770000, 54.873047, 1008.169
2017-10-22 02:10:21 +0800, BME280, 26.780001, 54.952148, 1008.155
2017-10-22 02:10:53 +0800, BME280, 26.770000, 54.850586, 1008.143
2017-10-22 02:11:24 +0800, BME280, 26.770000, 54.850586, 1008.127
2017-10-22 02:11:56 +0800, BME280, 26.770000, 54.883789, 1008.107
2017-10-22 02:12:27 +0800, BME280, 26.780001, 54.896484, 1008.123
2017-10-22 02:12:58 +0800, BME280, 26.780001, 54.864258, 1008.130
2017-10-22 02:13:30 +0800, BME280, 26.780001, 54.862305, 1008.103
2017-10-22 02:14:01 +0800, BME280, 26.770000, 54.906250, 1008.072
2017-10-22 02:14:32 +0800, BME280, 26.770000, 54.873047, 1008.071
2017-10-22 02:15:04 +0800, BME280, 26.780001, 54.874023, 1008.089
2017-10-22 02:15:35 +0800, BME280, 26.770000, 54.928711, 1008.069
2017-10-22 02:16:07 +0800, BME280, 26.770000, 54.928711, 1008.049
2017-10-22 02:16:38 +0800, BME280, 26.780001, 54.875000, 1008.075
2017-10-22 02:17:09 +0800, BME280, 26.780001, 54.908203, 1008.054
2017-10-22 02:17:41 +0800, BME280, 26.780001, 54.884766, 1008.031
2017-10-22 02:18:12 +0800, BME280, 26.780001, 54.841797, 1008.053
2017-10-22 02:18:44 +0800, BME280, 26.790001, 54.852539, 1008.081
2017-10-22 02:19:15 +0800, BME280, 26.780001, 54.774414, 1008.051
2017-10-22 02:19:47 +0800, BME280, 26.780001, 54.807617, 1008.102
2017-10-22 02:20:18 +0800, BME280, 26.780001, 54.707031, 1008.097
2017-10-22 02:20:49 +0800, BME280, 26.780001, 54.852539, 1008.101
2017-10-22 02:21:21 +0800, BME280, 26.770000, 54.838867, 1008.101
2017-10-22 02:21:52 +0800, BME280, 26.780001, 54.739258, 1008.090
2017-10-22 02:22:24 +0800, BME280, 26.780001, 54.864258, 1008.110
2017-10-22 02:22:55 +0800, BME280, 26.780001, 54.739258, 1008.103
2017-10-22 02:23:26 +0800, BME280, 26.780001, 54.785156, 1008.086
2017-10-22 02:23:58 +0800, BME280, 26.790001, 54.707031, 1008.067
2017-10-22 02:24:29 +0800, BME280, 26.780001, 54.807617, 1008.058
2017-10-22 02:25:01 +0800, BME280, 26.790001, 54.718750, 1008.064
2017-10-22 02:25:32 +0800, BME280, 26.790001, 54.729492, 1008.060
2017-10-22 02:26:04 +0800, BME280, 26.790001, 54.774414, 1008.082
2017-10-22 02:26:35 +0800, BME280, 26.790001, 54.841797, 1008.049
2017-10-22 02:27:07 +0800, BME280, 26.790001, 54.740234, 1008.055
2017-10-22 02:27:38 +0800, BME280, 26.790001, 54.762695, 1008.068
2017-10-22 02:28:09 +0800, BME280, 26.780001, 54.830078, 1008.035
2017-10-22 02:28:41 +0800, BME280, 26.780001, 54.784180, 1008.072
2017-10-22 02:29:12 +0800, BME280, 26.780001, 54.785156, 1008.039
2017-10-22 02:29:44 +0800, BME280, 26.780001, 54.818359, 1008.009
2017-10-22 02:30:15 +0800, BME280, 26.780001, 54.751953, 1008.028
2017-10-22 02:30:46 +0800, BME280, 26.780001, 54.796875, 1008.015
2017-10-22 02:31:18 +0800, BME280, 26.780001, 54.819336, 1008.033
2017-10-22 02:31:49 +0800, BME280, 26.770000, 54.838867, 1007.996
2017-10-22 02:32:21 +0800, BME280, 26.780001, 54.818359, 1007.996
2017-10-22 02:32:52 +0800, BME280, 26.770000, 54.705078, 1008.016
2017-10-22 02:33:36 +0800, BME280, 26.790001, 54.762695, 1008.031
2017-10-22 02:34:07 +0800, BME280, 26.780001, 54.774414, 1007.972
2017-10-22 02:34:39 +0800, BME280, 26.780001, 54.718750, 1007.978
2017-10-22 02:35:10 +0800, BME280, 26.790001, 54.762695, 1008.003
2017-10-22 02:35:42 +0800, BME280, 26.780001, 54.617188, 1008.041
2017-10-22 02:36:13 +0800, BME280, 26.790001, 54.662109, 1008.044
2017-10-22 02:36:45 +0800, BME280, 26.780001, 54.773438, 1008.012
2017-10-22 02:37:16 +0800, BME280, 26.780001, 54.718750, 1008.045
2017-10-22 02:37:47 +0800, BME280, 26.780001, 54.651367, 1008.049
2017-10-22 02:38:19 +0800, BME280, 26.780001, 54.740234, 1008.059
2017-10-22 02:38:50 +0800, BME280, 26.780001, 54.718750, 1007.998
2017-10-22 02:39:21 +0800, BME280, 26.780001, 54.751953, 1008.009
2017-10-22 02:39:53 +0800, BME280, 26.780001, 54.707031, 1008.000
2017-10-22 02:40:24 +0800, BME280, 26.780001, 54.796875, 1007.996
2017-10-22 02:40:56 +0800, BME280, 26.780001, 54.751953, 1008.027
2017-10-22 02:41:27 +0800, BME280, 26.780001, 54.716797, 1008.041
2017-10-22 02:41:58 +0800, BME280, 26.780001, 54.785156, 1008.058
2017-10-22 02:42:30 +0800, BME280, 26.780001, 54.718750, 1008.042
2017-10-22 02:43:01 +0800, BME280, 26.780001, 54.638672, 1008.014
2017-10-22 02:43:33 +0800, BME280, 26.780001, 54.739258, 1008.018
2017-10-22 02:44:04 +0800, BME280, 26.770000, 54.682617, 1007.989
2017-10-22 02:44:35 +0800, BME280, 26.780001, 54.694336, 1008.006
2017-10-22 02:45:07 +0800, BME280, 26.780001, 54.694336, 1008.007
2017-10-22 02:45:38 +0800, BME280, 26.770000, 54.738281, 1007.994
2017-10-22 02:46:09 +0800, BME280, 26.780001, 54.783203, 1007.988
2017-10-22 02:46:41 +0800, BME280, 26.780001, 54.661133, 1007.986
2017-10-22 02:47:12 +0800, BME280, 26.780001, 54.661133, 1007.947
2017-10-22 02:47:44 +0800, BME280, 26.770000, 54.715820, 1007.950
2017-10-22 02:48:15 +0800, BME280, 26.770000, 54.715820, 1007.949
2017-10-22 02:48:47 +0800, BME280, 26.780001, 54.673828, 1007.959
2017-10-22 02:49:18 +0800, BME280, 26.770000, 54.637695, 1007.954
2017-10-22 02:49:49 +0800, BME280, 26.770000, 54.760742, 1007.954
2017-10-22 02:50:21 +0800, BME280, 26.780001, 54.650391, 1007.948
2017-10-22 02:50:52 +0800, BME280, 26.780001, 54.672852, 1007.942
2017-10-22 02:51:24 +0800, BME280, 26.770000, 54.648438, 1007.904
2017-10-22 02:51:55 +0800, BME280, 26.780001, 54.673828, 1007.958
2017-10-22 02:52:26 +0800, BME280, 26.780001, 54.662109, 1007.929
2017-10-22 02:52:58 +0800, BME280, 26.780001, 54.628906, 1007.925
2017-10-22 02:53:29 +0800, BME280, 26.780001, 54.571289, 1007.916
2017-10-22 02:54:00 +0800, BME280, 26.790001, 54.651367, 1007.898
2017-10-22 02:54:32 +0800, BME280, 26.780001, 54.572266, 1007.941
2017-10-22 02:55:03 +0800, BME280, 26.780001, 54.639648, 1007.929
2017-10-22 02:55:35 +0800, BME280, 26.790001, 54.539062, 1007.962
2017-10-22 02:56:06 +0800, BME280, 26.790001, 54.494141, 1007.955
2017-10-22 02:56:38 +0800, BME280, 26.790001, 54.539062, 1007.979
2017-10-22 02:57:09 +0800, BME280, 26.780001, 54.526367, 1007.936
2017-10-22 02:57:40 +0800, BME280, 26.780001, 54.460938, 1007.955
2017-10-22 02:58:12 +0800, BME280, 26.780001, 54.639648, 1007.928
2017-10-22 02:58:43 +0800, BME280, 26.780001, 54.606445, 1007.946
2017-10-22 02:59:15 +0800, BME280, 26.790001, 54.539062, 1007.926
2017-10-22 02:59:46 +0800, BME280, 26.780001, 54.539062, 1007.899
2017-10-22 03:00:17 +0800, BME280, 26.780001, 54.571289, 1007.886
2017-10-22 03:00:49 +0800, BME280, 26.790001, 54.561523, 1007.930
2017-10-22 03:01:20 +0800, BME280, 26.780001, 54.528320, 1007.877
2017-10-22 03:01:51 +0800, BME280, 26.790001, 54.471680, 1007.862
2017-10-22 03:02:23 +0800, BME280, 26.790001, 54.494141, 1007.821
2017-10-22 03:02:54 +0800, BME280, 26.790001, 54.471680, 1007.830
2017-10-22 03:03:26 +0800, BME280, 26.780001, 54.539062, 1007.827
2017-10-22 03:04:01 +0800, BME280, 26.790001, 54.438477, 1007.886
2017-10-22 03:04:32 +0800, BME280, 26.790001, 54.494141, 1007.854
2017-10-22 03:05:03 +0800, BME280, 26.790001, 54.528320, 1007.869
2017-10-22 03:05:35 +0800, BME280, 26.790001, 54.528320, 1007.852
2017-10-22 03:06:06 +0800, BME280, 26.790001, 54.483398, 1007.880
2017-10-22 03:06:38 +0800, BME280, 26.780001, 54.583984, 1007.904
2017-10-22 03:07:09 +0800, BME280, 26.790001, 54.561523, 1007.876
2017-10-22 03:07:41 +0800, BME280, 26.780001, 54.494141, 1007.865
2017-10-22 03:08:12 +0800, BME280, 26.780001, 54.528320, 1007.879
2017-10-22 03:08:43 +0800, BME280, 26.780001, 54.550781, 1007.886
2017-10-22 03:09:15 +0800, BME280, 26.780001, 54.594727, 1007.851
2017-10-22 03:09:46 +0800, BME280, 26.780001, 54.526367, 1007.855
2017-10-22 03:10:18 +0800, BME280, 26.780001, 54.538086, 1007.855
2017-10-22 03:10:49 +0800, BME280, 26.780001, 54.548828, 1007.886
2017-10-22 03:11:20 +0800, BME280, 26.780001, 54.548828, 1007.899
2017-10-22 03:11:52 +0800, BME280, 26.780001, 54.526367, 1007.902
2017-10-22 03:12:23 +0800, BME280, 26.770000, 54.537109, 1007.889
2017-10-22 03:12:55 +0800, BME280, 26.780001, 54.470703, 1007.860
2017-10-22 03:13:26 +0800, BME280, 26.780001, 54.493164, 1007.897
2017-10-22 03:13:57 +0800, BME280, 26.780001, 54.526367, 1007.897
2017-10-22 03:14:29 +0800, BME280, 26.780001, 54.528320, 1007.880
2017-10-22 03:15:00 +0800, BME280, 26.780001, 54.494141, 1007.882
2017-10-22 03:15:32 +0800, BME280, 26.780001, 54.526367, 1007.882
2017-10-22 03:16:03 +0800, BME280, 26.780001, 54.415039, 1007.891
2017-10-22 03:16:35 +0800, BME280, 26.780001, 54.426758, 1007.901
2017-10-22 03:17:06 +0800, BME280, 26.780001, 54.460938, 1007.884
2017-10-22 03:17:38 +0800, BME280, 26.790001, 54.371094, 1007.880
2017-10-22 03:18:09 +0800, BME280, 26.790001, 54.505859, 1007.859
2017-10-22 03:18:40 +0800, BME280, 26.780001, 54.494141, 1007.880
2017-10-22 03:19:12 +0800, BME280, 26.790001, 54.426758, 1007.838
2017-10-22 03:19:43 +0800, BME280, 26.790001, 54.483398, 1007.852
2017-10-22 03:20:15 +0800, BME280, 26.780001, 54.483398, 1007.826
2017-10-22 03:20:46 +0800, BME280, 26.790001, 54.505859, 1007.871
2017-10-22 03:21:17 +0800, BME280, 26.780001, 54.449219, 1007.840
2017-10-22 03:21:49 +0800, BME280, 26.790001, 54.416016, 1007.859
2017-10-22 03:22:20 +0800, BME280, 26.790001, 54.405273, 1007.854
2017-10-22 03:22:51 +0800, BME280, 26.780001, 54.371094, 1007.812
2017-10-22 03:23:23 +0800, BME280, 26.780001, 54.303711, 1007.813
2017-10-22 03:23:54 +0800, BME280, 26.790001, 54.416016, 1007.815
2017-10-22 03:24:26 +0800, BME280, 26.780001, 54.393555, 1007.767
2017-10-22 03:24:57 +0800, BME280, 26.780001, 54.448242, 1007.767
2017-10-22 03:25:28 +0800, BME280, 26.780001, 54.449219, 1007.762
2017-10-22 03:26:00 +0800, BME280, 26.780001, 54.483398, 1007.735
2017-10-22 03:26:31 +0800, BME280, 26.780001, 54.505859, 1007.779
2017-10-22 03:27:03 +0800, BME280, 26.780001, 54.459961, 1007.797
2017-10-22 03:27:34 +0800, BME280, 26.780001, 54.415039, 1007.800
2017-10-22 03:28:05 +0800, BME280, 26.780001, 54.550781, 1007.773
2017-10-22 03:28:37 +0800, BME280, 26.780001, 54.482422, 1007.783
2017-10-22 03:29:08 +0800, BME280, 26.780001, 54.505859, 1007.774
2017-10-22 03:29:40 +0800, BME280, 26.780001, 54.483398, 1007.739
2017-10-22 03:30:11 +0800, BME280, 26.790001, 54.438477, 1007.748
2017-10-22 03:30:43 +0800, BME280, 26.790001, 54.426758, 1007.806
2017-10-22 03:31:14 +0800, BME280, 26.780001, 54.448242, 1007.757
2017-10-22 03:31:45 +0800, BME280, 26.770000, 54.447266, 1007.749
2017-10-22 03:32:17 +0800, BME280, 26.780001, 54.459961, 1007.778
2017-10-22 03:32:48 +0800, BME280, 26.780001, 54.425781, 1007.777
2017-10-22 03:33:20 +0800, BME280, 26.780001, 54.504883, 1007.775
2017-10-22 03:33:51 +0800, BME280, 26.780001, 54.449219, 1007.817
2017-10-22 03:34:22 +0800, BME280, 26.780001, 54.438477, 1007.825
2017-10-22 03:34:54 +0800, BME280, 26.780001, 54.448242, 1007.835
2017-10-22 03:35:25 +0800, BME280, 26.780001, 54.416016, 1007.816
2017-10-22 03:35:57 +0800, BME280, 26.780001, 54.403320, 1007.815
2017-10-22 03:36:28 +0800, BME280, 26.780001, 54.326172, 1007.840
2017-10-22 03:36:59 +0800, BME280, 26.780001, 54.405273, 1007.844
2017-10-22 03:37:31 +0800, BME280, 26.780001, 54.381836, 1007.801
2017-10-22 03:38:02 +0800, BME280, 26.790001, 54.326172, 1007.822
2017-10-22 03:38:34 +0800, BME280, 26.780001, 54.315430, 1007.866
2017-10-22 03:39:05 +0800, BME280, 26.780001, 54.393555, 1007.844
2017-10-22 03:39:36 +0800, BME280, 26.780001, 54.459961, 1007.835
2017-10-22 03:40:08 +0800, BME280, 26.780001, 54.392578, 1007.839
2017-10-22 03:40:39 +0800, BME280, 26.780001, 54.257812, 1007.864
2017-10-22 03:41:11 +0800, BME280, 26.780001, 54.337891, 1007.849
2017-10-22 03:41:44 +0800, BME280, 26.780001, 54.358398, 1007.821
2017-10-22 03:42:15 +0800, BME280, 26.780001, 54.381836, 1007.834
2017-10-22 03:42:46 +0800, BME280, 26.770000, 54.436523, 1007.808
2017-10-22 03:43:18 +0800, BME280, 26.780001, 54.403320, 1007.830
2017-10-22 03:43:49 +0800, BME280, 26.780001, 54.405273, 1007.843
2017-10-22 03:44:21 +0800, BME280, 26.780001, 54.370117, 1007.853
2017-10-22 03:44:52 +0800, BME280, 26.780001, 54.337891, 1007.850
2017-10-22 03:45:23 +0800, BME280, 26.780001, 54.371094, 1007.874
2017-10-22 03:45:55 +0800, BME280, 26.780001, 54.392578, 1007.866
2017-10-22 03:46:26 +0800, BME280, 26.780001, 54.380859, 1007.891
2017-10-22 03:46:58 +0800, BME280, 26.780001, 54.405273, 1007.924
2017-10-22 03:47:29 +0800, BME280, 26.780001, 54.380859, 1007.904
2017-10-22 03:48:00 +0800, BME280, 26.780001, 54.291992, 1007.897
2017-10-22 03:48:32 +0800, BME280, 26.780001, 54.303711, 1007.883
2017-10-22 03:49:03 +0800, BME280, 26.780001, 54.371094, 1007.895
2017-10-22 03:49:35 +0800, BME280, 26.790001, 54.360352, 1007.900
2017-10-22 03:50:06 +0800, BME280, 26.780001, 54.405273, 1007.909
2017-10-22 03:50:37 +0800, BME280, 26.780001, 54.403320, 1007.913
2017-10-22 03:51:09 +0800, BME280, 26.780001, 54.393555, 1007.934
2017-10-22 03:51:40 +0800, BME280, 26.780001, 54.381836, 1007.928
2017-10-22 03:52:12 +0800, BME280, 26.780001, 54.358398, 1007.935
2017-10-22 03:52:43 +0800, BME280, 26.780001, 54.325195, 1007.896
2017-10-22 03:53:14 +0800, BME280, 26.780001, 54.302734, 1007.972
2017-10-22 03:53:46 +0800, BME280, 26.790001, 54.360352, 1007.963
2017-10-22 03:54:17 +0800, BME280, 26.780001, 54.257812, 1007.902
2017-10-22 03:54:48 +0800, BME280, 26.790001, 54.360352, 1007.932
2017-10-22 03:55:20 +0800, BME280, 26.780001, 54.347656, 1007.897
2017-10-22 03:55:51 +0800, BME280, 26.780001, 54.314453, 1007.954
2017-10-22 03:56:23 +0800, BME280, 26.780001, 54.315430, 1007.950
2017-10-22 03:56:54 +0800, BME280, 26.780001, 54.337891, 1007.949
2017-10-22 03:57:25 +0800, BME280, 26.790001, 54.337891, 1007.953
2017-10-22 03:57:57 +0800, BME280, 26.790001, 54.270508, 1008.020
2017-10-22 03:58:28 +0800, BME280, 26.780001, 54.326172, 1007.985
2017-10-22 03:59:00 +0800, BME280, 26.790001, 54.348633, 1008.009
2017-10-22 03:59:32 +0800, BME280, 26.790001, 54.292969, 1007.990
2017-10-22 04:00:03 +0800, BME280, 26.790001, 54.270508, 1007.964
2017-10-22 04:00:35 +0800, BME280, 26.780001, 54.236328, 1007.936
2017-10-22 04:01:06 +0800, BME280, 26.790001, 54.248047, 1007.984
2017-10-22 04:01:37 +0800, BME280, 26.790001, 54.258789, 1007.960
2017-10-22 04:02:09 +0800, BME280, 26.780001, 54.236328, 1007.966
2017-10-22 04:02:40 +0800, BME280, 26.780001, 54.292969, 1007.964
2017-10-22 04:03:12 +0800, BME280, 26.790001, 54.281250, 1007.964
2017-10-22 04:03:43 +0800, BME280, 26.780001, 54.303711, 1007.935
2017-10-22 04:04:14 +0800, BME280, 26.780001, 54.225586, 1007.939
2017-10-22 04:04:46 +0800, BME280, 26.790001, 54.337891, 1007.960
2017-10-22 04:05:17 +0800, BME280, 26.780001, 54.326172, 1007.990
2017-10-22 04:05:49 +0800, BME280, 26.790001, 54.292969, 1007.963
2017-10-22 04:06:20 +0800, BME280, 26.760000, 54.300781, 1007.942
2017-10-22 04:06:52 +0800, BME280, 26.780001, 54.303711, 1008.002
2017-10-22 04:07:23 +0800, BME280, 26.790001, 54.236328, 1007.967
2017-10-22 04:07:55 +0800, BME280, 26.780001, 54.281250, 1007.972
2017-10-22 04:08:26 +0800, BME280, 26.780001, 54.292969, 1008.015
2017-10-22 04:08:57 +0800, BME280, 26.780001, 54.325195, 1008.007
2017-10-22 04:09:29 +0800, BME280, 26.780001, 54.292969, 1008.005
2017-10-22 04:10:00 +0800, BME280, 26.780001, 54.335938, 1008.024
2017-10-22 04:10:32 +0800, BME280, 26.790001, 54.303711, 1008.060
2017-10-22 04:11:03 +0800, BME280, 26.780001, 54.337891, 1008.022
2017-10-22 04:11:34 +0800, BME280, 26.790001, 54.258789, 1008.026
2017-10-22 04:12:06 +0800, BME280, 26.790001, 54.292969, 1008.012
2017-10-22 04:12:37 +0800, BME280, 26.780001, 54.236328, 1008.010
2017-10-22 04:13:09 +0800, BME280, 26.790001, 54.248047, 1008.006
2017-10-22 04:13:40 +0800, BME280, 26.790001, 54.292969, 1008.031
2017-10-22 04:14:12 +0800, BME280, 26.780001, 54.292969, 1008.041
2017-10-22 04:14:43 +0800, BME280, 26.780001, 54.292969, 1008.015
2017-10-22 04:15:14 +0800, BME280, 26.790001, 54.292969, 1008.019
2017-10-22 04:15:46 +0800, BME280, 26.790001, 54.213867, 1007.977
2017-10-22 04:16:17 +0800, BME280, 26.780001, 54.281250, 1007.991
2017-10-22 04:16:49 +0800, BME280, 26.780001, 54.225586, 1008.009
2017-10-22 04:17:20 +0800, BME280, 26.790001, 54.180664, 1008.041
2017-10-22 04:17:51 +0800, BME280, 26.790001, 54.170898, 1008.030
2017-10-22 04:18:23 +0800, BME280, 26.790001, 54.270508, 1008.043
2017-10-22 04:18:54 +0800, BME280, 26.780001, 54.203125, 1007.975
2017-10-22 04:19:26 +0800, BME280, 26.790001, 54.180664, 1008.014
2017-10-22 04:19:57 +0800, BME280, 26.790001, 54.159180, 1008.053
2017-10-22 04:20:28 +0800, BME280, 26.790001, 54.192383, 1008.020
2017-10-22 04:21:00 +0800, BME280, 26.780001, 54.315430, 1008.058
2017-10-22 04:21:31 +0800, BME280, 26.780001, 54.225586, 1008.029
2017-10-22 04:22:03 +0800, BME280, 26.799999, 54.148438, 1008.104
2017-10-22 04:22:34 +0800, BME280, 26.790001, 54.258789, 1008.058
2017-10-22 04:23:05 +0800, BME280, 26.790001, 54.248047, 1008.061
2017-10-22 04:23:37 +0800, BME280, 26.790001, 54.180664, 1008.036
2017-10-22 04:24:08 +0800, BME280, 26.790001, 54.248047, 1008.058
2017-10-22 04:24:40 +0800, BME280, 26.790001, 54.180664, 1008.069
2017-10-22 04:25:11 +0800, BME280, 26.790001, 54.238281, 1008.059
2017-10-22 04:25:43 +0800, BME280, 26.790001, 54.292969, 1008.080
2017-10-22 04:26:14 +0800, BME280, 26.790001, 54.258789, 1008.107
2017-10-22 04:26:45 +0800, BME280, 26.790001, 54.192383, 1008.084
2017-10-22 04:27:17 +0800, BME280, 26.790001, 54.271484, 1008.091
2017-10-22 04:27:48 +0800, BME280, 26.790001, 54.180664, 1008.086
2017-10-22 04:28:19 +0800, BME280, 26.790001, 54.170898, 1008.111
2017-10-22 04:28:51 +0800, BME280, 26.790001, 54.303711, 1008.106
2017-10-22 04:29:22 +0800, BME280, 26.780001, 54.303711, 1008.075
2017-10-22 04:29:54 +0800, BME280, 26.790001, 54.282227, 1008.067
2017-10-22 04:30:25 +0800, BME280, 26.790001, 54.203125, 1008.029
2017-10-22 04:30:56 +0800, BME280, 26.790001, 54.281250, 1008.062
2017-10-22 04:31:28 +0800, BME280, 26.790001, 54.203125, 1008.045
2017-10-22 04:31:59 +0800, BME280, 26.790001, 54.204102, 1008.059
2017-10-22 04:32:31 +0800, BME280, 26.799999, 54.215820, 1008.079
2017-10-22 04:33:02 +0800, BME280, 26.799999, 54.282227, 1008.100
2017-10-22 04:33:33 +0800, BME280, 26.790001, 54.270508, 1008.095
2017-10-22 04:34:05 +0800, BME280, 26.790001, 54.270508, 1008.107
2017-10-22 04:34:36 +0800, BME280, 26.799999, 54.170898, 1008.137
2017-10-22 04:35:07 +0800, BME280, 26.799999, 54.149414, 1008.138
2017-10-22 04:35:39 +0800, BME280, 26.799999, 54.205078, 1008.142
2017-10-22 04:36:10 +0800, BME280, 26.790001, 54.204102, 1008.120
2017-10-22 04:36:42 +0800, BME280, 26.790001, 54.238281, 1008.105
2017-10-22 04:37:13 +0800, BME280, 26.799999, 54.126953, 1008.141
2017-10-22 04:37:44 +0800, BME280, 26.790001, 54.170898, 1008.145
2017-10-22 04:38:16 +0800, BME280, 26.799999, 54.271484, 1008.137
2017-10-22 04:38:47 +0800, BME280, 26.799999, 54.193359, 1008.136
2017-10-22 04:39:18 +0800, BME280, 26.790001, 54.248047, 1008.148
2017-10-22 04:39:50 +0800, BME280, 26.790001, 54.213867, 1008.165
2017-10-22 04:40:21 +0800, BME280, 26.799999, 54.193359, 1008.158
2017-10-22 04:40:53 +0800, BME280, 26.799999, 54.193359, 1008.169
2017-10-22 04:41:24 +0800, BME280, 26.799999, 54.193359, 1008.163
2017-10-22 04:41:55 +0800, BME280, 26.790001, 54.192383, 1008.209
2017-10-22 04:42:27 +0800, BME280, 26.799999, 54.194336, 1008.226
2017-10-22 04:42:58 +0800, BME280, 26.790001, 54.258789, 1008.178
2017-10-22 04:43:30 +0800, BME280, 26.799999, 54.216797, 1008.198
2017-10-22 04:44:01 +0800, BME280, 26.799999, 54.215820, 1008.201
2017-10-22 04:44:33 +0800, BME280, 26.790001, 54.193359, 1008.191
2017-10-22 04:45:04 +0800, BME280, 26.790001, 54.170898, 1008.218
2017-10-22 04:45:35 +0800, BME280, 26.799999, 54.181641, 1008.190
2017-10-22 04:46:07 +0800, BME280, 26.790001, 54.181641, 1008.187
2017-10-22 04:46:38 +0800, BME280, 26.790001, 54.281250, 1008.180
2017-10-22 04:47:09 +0800, BME280, 26.799999, 54.282227, 1008.169
2017-10-22 04:47:41 +0800, BME280, 26.799999, 54.259766, 1008.224
2017-10-22 04:48:12 +0800, BME280, 26.799999, 54.259766, 1008.225
2017-10-22 04:48:44 +0800, BME280, 26.790001, 54.303711, 1008.196
2017-10-22 04:49:15 +0800, BME280, 26.790001, 54.248047, 1008.207
2017-10-22 04:49:46 +0800, BME280, 26.799999, 54.193359, 1008.220
2017-10-22 04:50:18 +0800, BME280, 26.790001, 54.259766, 1008.229
2017-10-22 04:50:57 +0800, BME280, 26.790001, 54.292969, 1008.249
2017-10-22 04:51:28 +0800, BME280, 26.790001, 54.281250, 1008.220
2017-10-22 04:52:00 +0800, BME280, 26.799999, 54.282227, 1008.259
2017-10-22 04:52:31 +0800, BME280, 26.780001, 54.281250, 1008.237
2017-10-22 04:53:02 +0800, BME280, 26.790001, 54.225586, 1008.251
2017-10-22 04:53:34 +0800, BME280, 26.799999, 54.250000, 1008.259
2017-10-22 04:54:05 +0800, BME280, 26.790001, 54.203125, 1008.235
2017-10-22 04:54:37 +0800, BME280, 26.799999, 54.327148, 1008.294
2017-10-22 04:55:08 +0800, BME280, 26.790001, 54.292969, 1008.254
2017-10-22 04:55:39 +0800, BME280, 26.799999, 54.292969, 1008.281
2017-10-22 04:56:11 +0800, BME280, 26.790001, 54.281250, 1008.249
2017-10-22 04:56:42 +0800, BME280, 26.790001, 54.248047, 1008.257
2017-10-22 04:57:14 +0800, BME280, 26.790001, 54.213867, 1008.271
2017-10-22 04:57:45 +0800, BME280, 26.790001, 54.249023, 1008.288
2017-10-22 04:58:16 +0800, BME280, 26.799999, 54.215820, 1008.291
2017-10-22 04:58:48 +0800, BME280, 26.799999, 54.226562, 1008.276
2017-10-22 04:59:19 +0800, BME280, 26.799999, 54.238281, 1008.302
2017-10-22 04:59:50 +0800, BME280, 26.790001, 54.293945, 1008.275
2017-10-22 05:00:22 +0800, BME280, 26.790001, 54.293945, 1008.270
2017-10-22 05:00:53 +0800, BME280, 26.799999, 54.215820, 1008.257
2017-10-22 05:01:25 +0800, BME280, 26.790001, 54.304688, 1008.290
2017-10-22 05:01:56 +0800, BME280, 26.799999, 54.226562, 1008.278
2017-10-22 05:02:28 +0800, BME280, 26.799999, 54.282227, 1008.282
2017-10-22 05:02:59 +0800, BME280, 26.799999, 54.250000, 1008.309
2017-10-22 05:03:31 +0800, BME280, 26.799999, 54.205078, 1008.301
2017-10-22 05:04:02 +0800, BME280, 26.799999, 54.104492, 1008.336
2017-10-22 05:04:33 +0800, BME280, 26.799999, 54.103516, 1008.374
2017-10-22 05:05:05 +0800, BME280, 26.799999, 54.103516, 1008.371
2017-10-22 05:05:36 +0800, BME280, 26.799999, 54.238281, 1008.380
2017-10-22 05:06:08 +0800, BME280, 26.799999, 54.170898, 1008.362
2017-10-22 05:06:39 +0800, BME280, 26.790001, 54.315430, 1008.381
2017-10-22 05:07:11 +0800, BME280, 26.790001, 54.236328, 1008.401
2017-10-22 05:07:42 +0800, BME280, 26.790001, 54.270508, 1008.413
2017-10-22 05:08:14 +0800, BME280, 26.790001, 54.236328, 1008.435
2017-10-22 05:08:45 +0800, BME280, 26.790001, 54.249023, 1008.423
2017-10-22 05:09:17 +0800, BME280, 26.780001, 54.281250, 1008.410
2017-10-22 05:09:48 +0800, BME280, 26.790001, 54.192383, 1008.427
2017-10-22 05:10:20 +0800, BME280, 26.790001, 54.258789, 1008.453
2017-10-22 05:10:51 +0800, BME280, 26.780001, 54.248047, 1008.422
2017-10-22 05:11:22 +0800, BME280, 26.790001, 54.236328, 1008.451
2017-10-22 05:11:54 +0800, BME280, 26.799999, 54.215820, 1008.411
2017-10-22 05:12:25 +0800, BME280, 26.790001, 54.236328, 1008.434
2017-10-22 05:12:57 +0800, BME280, 26.790001, 54.159180, 1008.459
2017-10-22 05:13:28 +0800, BME280, 26.799999, 54.149414, 1008.434
2017-10-22 05:13:59 +0800, BME280, 26.799999, 54.138672, 1008.433
2017-10-22 05:14:31 +0800, BME280, 26.809999, 54.082031, 1008.407
2017-10-22 05:15:02 +0800, BME280, 26.809999, 54.083008, 1008.430
2017-10-22 05:15:33 +0800, BME280, 26.809999, 54.126953, 1008.406
2017-10-22 05:16:05 +0800, BME280, 26.809999, 54.117188, 1008.449
2017-10-22 05:16:36 +0800, BME280, 26.820000, 54.094727, 1008.477
2017-10-22 05:17:08 +0800, BME280, 26.809999, 54.094727, 1008.456
2017-10-22 05:17:39 +0800, BME280, 26.809999, 54.094727, 1008.487
2017-10-22 05:18:10 +0800, BME280, 26.809999, 54.127930, 1008.491
2017-10-22 05:18:42 +0800, BME280, 26.809999, 54.150391, 1008.484
2017-10-22 05:19:13 +0800, BME280, 26.809999, 54.127930, 1008.485
2017-10-22 05:19:45 +0800, BME280, 26.809999, 54.094727, 1008.502
2017-10-22 05:20:16 +0800, BME280, 26.820000, 54.150391, 1008.501
2017-10-22 05:20:47 +0800, BME280, 26.830000, 54.119141, 1008.540
2017-10-22 05:21:19 +0800, BME280, 26.820000, 54.095703, 1008.524
2017-10-22 05:21:50 +0800, BME280, 26.820000, 54.140625, 1008.515
2017-10-22 05:22:21 +0800, BME280, 26.820000, 54.498047, 1008.532
2017-10-22 05:22:53 +0800, BME280, 26.809999, 54.720703, 1008.532
2017-10-22 05:23:24 +0800, BME280, 26.799999, 54.742188, 1008.510
2017-10-22 05:23:56 +0800, BME280, 26.809999, 54.777344, 1008.560
2017-10-22 05:24:27 +0800, BME280, 26.799999, 55.055664, 1008.550
2017-10-22 05:24:58 +0800, BME280, 26.799999, 54.988281, 1008.570
2017-10-22 05:25:30 +0800, BME280, 26.799999, 55.101562, 1008.575
2017-10-22 05:26:01 +0800, BME280, 26.799999, 55.178711, 1008.583
2017-10-22 05:26:33 +0800, BME280, 26.790001, 55.155273, 1008.550
2017-10-22 05:27:04 +0800, BME280, 26.790001, 55.256836, 1008.586
2017-10-22 05:27:35 +0800, BME280, 26.780001, 55.255859, 1008.582
2017-10-22 05:28:07 +0800, BME280, 26.770000, 55.342773, 1008.574
2017-10-22 05:28:38 +0800, BME280, 26.770000, 55.354492, 1008.585
2017-10-22 05:29:10 +0800, BME280, 26.770000, 55.420898, 1008.603
2017-10-22 05:29:41 +0800, BME280, 26.770000, 55.432617, 1008.646
2017-10-22 05:30:12 +0800, BME280, 26.770000, 55.420898, 1008.626
2017-10-22 05:30:44 +0800, BME280, 26.780001, 55.411133, 1008.607
2017-10-22 05:31:15 +0800, BME280, 26.770000, 55.455078, 1008.600
2017-10-22 05:31:47 +0800, BME280, 26.770000, 55.477539, 1008.591
2017-10-22 05:32:18 +0800, BME280, 26.760000, 55.477539, 1008.607
2017-10-22 05:32:49 +0800, BME280, 26.770000, 55.443359, 1008.598
2017-10-22 05:33:21 +0800, BME280, 26.760000, 55.510742, 1008.634
2017-10-22 05:33:52 +0800, BME280, 26.760000, 55.510742, 1008.608
2017-10-22 05:34:24 +0800, BME280, 26.760000, 55.500000, 1008.607
2017-10-22 05:34:55 +0800, BME280, 26.770000, 55.465820, 1008.615
2017-10-22 05:35:26 +0800, BME280, 26.770000, 55.465820, 1008.611
2017-10-22 05:35:58 +0800, BME280, 26.770000, 55.533203, 1008.600
2017-10-22 05:36:29 +0800, BME280, 26.780001, 55.491211, 1008.652
2017-10-22 05:37:01 +0800, BME280, 26.770000, 55.500000, 1008.618
2017-10-22 05:37:32 +0800, BME280, 26.770000, 55.543945, 1008.606
2017-10-22 05:38:03 +0800, BME280, 26.790001, 55.446289, 1008.608
2017-10-22 05:38:35 +0800, BME280, 26.790001, 55.434570, 1008.623
2017-10-22 05:39:06 +0800, BME280, 26.799999, 55.480469, 1008.623
2017-10-22 05:39:38 +0800, BME280, 26.799999, 55.514648, 1008.660
2017-10-22 05:40:09 +0800, BME280, 26.790001, 55.458008, 1008.653
2017-10-22 05:40:40 +0800, BME280, 26.799999, 55.537109, 1008.663
2017-10-22 05:41:12 +0800, BME280, 26.790001, 55.546875, 1008.698
2017-10-22 05:41:43 +0800, BME280, 26.780001, 55.535156, 1008.663
2017-10-22 05:42:15 +0800, BME280, 26.780001, 55.524414, 1008.661
2017-10-22 05:42:46 +0800, BME280, 26.790001, 55.535156, 1008.680
2017-10-22 05:43:17 +0800, BME280, 26.799999, 55.480469, 1008.677
2017-10-22 05:43:49 +0800, BME280, 26.799999, 55.480469, 1008.677
2017-10-22 05:44:20 +0800, BME280, 26.809999, 55.505859, 1008.715
2017-10-22 05:44:52 +0800, BME280, 26.809999, 55.481445, 1008.701
2017-10-22 05:45:23 +0800, BME280, 26.809999, 55.460938, 1008.684
2017-10-22 05:45:54 +0800, BME280, 26.809999, 55.483398, 1008.728
2017-10-22 05:46:26 +0800, BME280, 26.809999, 55.503906, 1008.725
2017-10-22 05:46:57 +0800, BME280, 26.809999, 55.493164, 1008.725
2017-10-22 05:47:29 +0800, BME280, 26.820000, 55.426758, 1008.739
2017-10-22 05:48:00 +0800, BME280, 26.820000, 55.505859, 1008.747
2017-10-22 05:48:32 +0800, BME280, 26.820000, 55.483398, 1008.734
2017-10-22 05:49:03 +0800, BME280, 26.809999, 55.483398, 1008.747
2017-10-22 05:49:34 +0800, BME280, 26.799999, 55.493164, 1008.730
2017-10-22 05:50:06 +0800, BME280, 26.820000, 55.483398, 1008.768
2017-10-22 05:50:37 +0800, BME280, 26.799999, 55.469727, 1008.740
2017-10-22 05:51:09 +0800, BME280, 26.809999, 55.494141, 1008.757
2017-10-22 05:51:52 +0800, BME280, 26.820000, 55.460938, 1008.760
2017-10-22 05:52:24 +0800, BME280, 26.820000, 55.461914, 1008.767
2017-10-22 05:52:55 +0800, BME280, 26.830000, 55.462891, 1008.771
2017-10-22 05:53:27 +0800, BME280, 26.830000, 55.473633, 1008.759
2017-10-22 05:53:58 +0800, BME280, 26.830000, 55.473633, 1008.737
2017-10-22 05:54:29 +0800, BME280, 26.830000, 55.362305, 1008.744
2017-10-22 05:55:01 +0800, BME280, 26.830000, 55.429688, 1008.782
2017-10-22 05:55:32 +0800, BME280, 26.840000, 55.473633, 1008.800
2017-10-22 05:56:04 +0800, BME280, 26.840000, 55.430664, 1008.788
2017-10-22 05:56:35 +0800, BME280, 26.840000, 55.452148, 1008.797
2017-10-22 05:57:07 +0800, BME280, 26.840000, 55.417969, 1008.819
2017-10-22 05:57:38 +0800, BME280, 26.840000, 55.429688, 1008.782
2017-10-22 05:58:10 +0800, BME280, 26.830000, 55.417969, 1008.789
2017-10-22 05:58:41 +0800, BME280, 26.850000, 55.398438, 1008.804
2017-10-22 05:59:12 +0800, BME280, 26.850000, 55.385742, 1008.805
2017-10-22 05:59:44 +0800, BME280, 26.850000, 55.398438, 1008.813
2017-10-22 06:00:15 +0800, BME280, 26.850000, 55.430664, 1008.800
2017-10-22 06:00:47 +0800, BME280, 26.850000, 55.441406, 1008.819
2017-10-22 06:01:18 +0800, BME280, 26.850000, 55.454102, 1008.825
2017-10-22 06:01:49 +0800, BME280, 26.850000, 55.340820, 1008.832
2017-10-22 06:02:21 +0800, BME280, 26.850000, 55.443359, 1008.828
2017-10-22 06:02:52 +0800, BME280, 26.850000, 55.431641, 1008.878
2017-10-22 06:03:24 +0800, BME280, 26.840000, 55.430664, 1008.842
2017-10-22 06:03:55 +0800, BME280, 26.840000, 55.452148, 1008.827
2017-10-22 06:04:27 +0800, BME280, 26.840000, 55.418945, 1008.840
2017-10-22 06:04:58 +0800, BME280, 26.840000, 55.453125, 1008.837
2017-10-22 06:05:29 +0800, BME280, 26.850000, 55.486328, 1008.825
2017-10-22 06:06:01 +0800, BME280, 26.850000, 55.431641, 1008.814
2017-10-22 06:06:32 +0800, BME280, 26.850000, 55.454102, 1008.814
2017-10-22 06:07:04 +0800, BME280, 26.850000, 55.431641, 1008.857
2017-10-22 06:07:35 +0800, BME280, 26.850000, 55.464844, 1008.873
2017-10-22 06:08:06 +0800, BME280, 26.850000, 55.475586, 1008.852
2017-10-22 06:08:38 +0800, BME280, 26.840000, 55.508789, 1008.839
2017-10-22 06:09:09 +0800, BME280, 26.850000, 55.475586, 1008.846
2017-10-22 06:09:41 +0800, BME280, 26.879999, 55.390625, 1008.835
2017-10-22 06:10:12 +0800, BME280, 26.889999, 55.335938, 1008.819
2017-10-22 06:10:43 +0800, BME280, 26.889999, 55.314453, 1008.830
2017-10-22 06:11:15 +0800, BME280, 26.889999, 55.335938, 1008.842
2017-10-22 06:11:46 +0800, BME280, 26.879999, 55.378906, 1008.809
2017-10-22 06:12:18 +0800, BME280, 26.879999, 55.368164, 1008.819
2017-10-22 06:12:49 +0800, BME280, 26.870001, 55.433594, 1008.830
2017-10-22 06:13:20 +0800, BME280, 26.870001, 55.423828, 1008.812
2017-10-22 06:13:52 +0800, BME280, 26.879999, 55.413086, 1008.825
2017-10-22 06:14:23 +0800, BME280, 26.889999, 55.391602, 1008.820
2017-10-22 06:14:55 +0800, BME280, 26.879999, 55.413086, 1008.836
2017-10-22 06:15:26 +0800, BME280, 26.879999, 55.401367, 1008.848
2017-10-22 06:15:58 +0800, BME280, 26.889999, 55.414062, 1008.843
2017-10-22 06:16:29 +0800, BME280, 26.870001, 55.445312, 1008.840
2017-10-22 06:17:00 +0800, BME280, 26.879999, 55.446289, 1008.859
2017-10-22 06:17:32 +0800, BME280, 26.879999, 55.458008, 1008.887
2017-10-22 06:18:03 +0800, BME280, 26.870001, 55.468750, 1008.912
2017-10-22 06:18:35 +0800, BME280, 26.870001, 55.456055, 1008.880
2017-10-22 06:19:06 +0800, BME280, 26.870001, 55.467773, 1008.892
2017-10-22 06:19:37 +0800, BME280, 26.879999, 55.513672, 1008.897
2017-10-22 06:20:09 +0800, BME280, 26.870001, 55.491211, 1008.908
2017-10-22 06:20:40 +0800, BME280, 26.870001, 55.478516, 1008.892
2017-10-22 06:21:12 +0800, BME280, 26.870001, 55.490234, 1008.892
2017-10-22 06:21:43 +0800, BME280, 26.879999, 55.479492, 1008.908
2017-10-22 06:22:23 +0800, BME280, 26.870001, 55.513672, 1008.903
2017-10-22 06:22:54 +0800, BME280, 26.879999, 55.491211, 1008.908
2017-10-22 06:23:26 +0800, BME280, 26.879999, 55.468750, 1008.912
2017-10-22 06:23:57 +0800, BME280, 26.879999, 55.479492, 1008.903
2017-10-22 06:24:29 +0800, BME280, 26.900000, 55.492188, 1008.935
2017-10-22 06:25:00 +0800, BME280, 26.879999, 55.479492, 1008.939
2017-10-22 06:25:32 +0800, BME280, 26.879999, 55.491211, 1008.968
2017-10-22 06:26:03 +0800, BME280, 26.889999, 55.481445, 1008.963
2017-10-22 06:26:34 +0800, BME280, 26.879999, 55.458008, 1008.969
2017-10-22 06:27:06 +0800, BME280, 26.900000, 55.448242, 1008.990
2017-10-22 06:27:37 +0800, BME280, 26.900000, 55.460938, 1008.978
2017-10-22 06:28:09 +0800, BME280, 26.889999, 55.458984, 1008.981
2017-10-22 06:28:40 +0800, BME280, 26.889999, 55.458984, 1008.944
2017-10-22 06:29:11 +0800, BME280, 26.889999, 55.481445, 1009.003
2017-10-22 06:29:43 +0800, BME280, 26.879999, 55.479492, 1008.971
2017-10-22 06:30:14 +0800, BME280, 26.889999, 55.503906, 1008.966
2017-10-22 06:30:46 +0800, BME280, 26.879999, 55.536133, 1008.951
2017-10-22 06:31:17 +0800, BME280, 26.879999, 55.479492, 1008.957
2017-10-22 06:31:48 +0800, BME280, 26.889999, 55.459961, 1008.940
2017-10-22 06:32:20 +0800, BME280, 26.900000, 55.450195, 1008.968
2017-10-22 06:32:51 +0800, BME280, 26.900000, 55.438477, 1008.973
2017-10-22 06:33:23 +0800, BME280, 26.910000, 55.427734, 1009.003
2017-10-22 06:33:54 +0800, BME280, 26.900000, 55.438477, 1008.973
2017-10-22 06:34:25 +0800, BME280, 26.910000, 55.405273, 1008.992
2017-10-22 06:34:57 +0800, BME280, 26.900000, 55.460938, 1008.986
2017-10-22 06:35:29 +0800, BME280, 26.910000, 55.460938, 1008.994
2017-10-22 06:36:00 +0800, BME280, 26.900000, 55.438477, 1008.991
2017-10-22 06:36:31 +0800, BME280, 26.910000, 55.460938, 1009.033
2017-10-22 06:37:03 +0800, BME280, 26.910000, 55.450195, 1009.030
2017-10-22 06:37:34 +0800, BME280, 26.910000, 55.460938, 1009.018
2017-10-22 06:38:06 +0800, BME280, 26.910000, 55.438477, 1009.016
2017-10-22 06:38:37 +0800, BME280, 26.910000, 55.427734, 1009.015
2017-10-22 06:39:08 +0800, BME280, 26.920000, 55.428711, 1009.077
2017-10-22 06:39:40 +0800, BME280, 26.910000, 55.416016, 1009.030
2017-10-22 06:40:11 +0800, BME280, 26.910000, 55.416016, 1009.053
2017-10-22 06:40:43 +0800, BME280, 26.910000, 55.427734, 1009.070
2017-10-22 06:41:14 +0800, BME280, 26.920000, 55.374023, 1009.093
2017-10-22 06:41:45 +0800, BME280, 26.920000, 55.407227, 1009.108
2017-10-22 06:42:17 +0800, BME280, 26.920000, 55.407227, 1009.116
2017-10-22 06:42:48 +0800, BME280, 26.920000, 55.428711, 1009.102
2017-10-22 06:43:20 +0800, BME280, 26.920000, 55.416992, 1009.095
2017-10-22 06:43:51 +0800, BME280, 26.920000, 55.462891, 1009.056
2017-10-22 06:44:22 +0800, BME280, 26.930000, 55.396484, 1009.047
2017-10-22 06:44:54 +0800, BME280, 26.930000, 55.407227, 1009.081
2017-10-22 06:45:25 +0800, BME280, 26.930000, 55.385742, 1009.078
2017-10-22 06:45:56 +0800, BME280, 26.930000, 55.385742, 1009.046
2017-10-22 06:46:28 +0800, BME280, 26.940001, 55.385742, 1009.064
2017-10-22 06:46:59 +0800, BME280, 26.920000, 55.418945, 1009.065
2017-10-22 06:47:31 +0800, BME280, 26.930000, 55.407227, 1009.054
2017-10-22 06:48:02 +0800, BME280, 26.920000, 55.407227, 1009.053
2017-10-22 06:48:33 +0800, BME280, 26.930000, 55.384766, 1009.079
2017-10-22 06:49:05 +0800, BME280, 26.930000, 55.396484, 1009.081
2017-10-22 06:49:36 +0800, BME280, 26.940001, 55.375977, 1009.079
2017-10-22 06:50:08 +0800, BME280, 26.940001, 55.397461, 1009.106
2017-10-22 06:50:39 +0800, BME280, 26.940001, 55.340820, 1009.100
2017-10-22 06:51:10 +0800, BME280, 26.930000, 55.408203, 1009.120
2017-10-22 06:51:42 +0800, BME280, 26.950001, 55.388672, 1009.133
2017-10-22 06:52:13 +0800, BME280, 26.950001, 55.376953, 1009.143
2017-10-22 06:52:52 +0800, BME280, 26.959999, 55.376953, 1009.141
2017-10-22 06:53:23 +0800, BME280, 26.950001, 55.466797, 1009.150
2017-10-22 06:53:55 +0800, BME280, 26.950001, 55.343750, 1009.176
2017-10-22 06:54:26 +0800, BME280, 26.950001, 55.354492, 1009.169
2017-10-22 06:54:58 +0800, BME280, 26.950001, 55.354492, 1009.197
2017-10-22 06:55:29 +0800, BME280, 26.959999, 55.344727, 1009.203
2017-10-22 06:56:00 +0800, BME280, 26.969999, 55.333984, 1009.234
2017-10-22 06:56:32 +0800, BME280, 26.969999, 55.344727, 1009.219
2017-10-22 06:57:03 +0800, BME280, 26.969999, 55.323242, 1009.266
2017-10-22 06:57:34 +0800, BME280, 26.969999, 55.323242, 1009.217
2017-10-22 06:58:06 +0800, BME280, 26.969999, 55.323242, 1009.232
2017-10-22 06:58:37 +0800, BME280, 26.969999, 55.334961, 1009.216
2017-10-22 06:59:09 +0800, BME280, 26.969999, 55.334961, 1009.238
2017-10-22 06:59:40 +0800, BME280, 26.969999, 55.323242, 1009.235
2017-10-22 07:00:11 +0800, BME280, 26.969999, 55.323242, 1009.260
2017-10-22 07:00:43 +0800, BME280, 26.969999, 55.312500, 1009.221
2017-10-22 07:01:14 +0800, BME280, 26.969999, 55.357422, 1009.219
2017-10-22 07:01:46 +0800, BME280, 26.980000, 55.291016, 1009.245
2017-10-22 07:02:17 +0800, BME280, 26.980000, 55.280273, 1009.234
2017-10-22 07:02:49 +0800, BME280, 26.980000, 55.278320, 1009.261
2017-10-22 07:03:20 +0800, BME280, 26.990000, 55.281250, 1009.285
2017-10-22 07:03:52 +0800, BME280, 26.990000, 55.291992, 1009.275
2017-10-22 07:04:23 +0800, BME280, 26.980000, 55.290039, 1009.264
2017-10-22 07:04:54 +0800, BME280, 26.980000, 55.313477, 1009.260
2017-10-22 07:05:26 +0800, BME280, 26.980000, 55.290039, 1009.270
2017-10-22 07:05:57 +0800, BME280, 26.980000, 55.313477, 1009.258
2017-10-22 07:06:29 +0800, BME280, 26.980000, 55.291016, 1009.290
2017-10-22 07:07:00 +0800, BME280, 26.990000, 55.313477, 1009.290
2017-10-22 07:07:32 +0800, BME280, 26.980000, 55.324219, 1009.273
2017-10-22 07:08:03 +0800, BME280, 26.990000, 55.324219, 1009.283
2017-10-22 07:08:35 +0800, BME280, 26.980000, 55.324219, 1009.232
2017-10-22 07:09:06 +0800, BME280, 26.980000, 55.300781, 1009.247
2017-10-22 07:09:38 +0800, BME280, 26.980000, 55.291016, 1009.245
2017-10-22 07:10:09 +0800, BME280, 26.990000, 55.281250, 1009.235
2017-10-22 07:10:40 +0800, BME280, 26.990000, 55.291992, 1009.245
2017-10-22 07:11:12 +0800, BME280, 26.990000, 55.269531, 1009.279
2017-10-22 07:11:43 +0800, BME280, 27.000000, 55.258789, 1009.248
2017-10-22 07:12:14 +0800, BME280, 26.990000, 55.281250, 1009.240
2017-10-22 07:12:46 +0800, BME280, 27.000000, 55.291992, 1009.249
2017-10-22 07:13:18 +0800, BME280, 27.000000, 55.270508, 1009.288
2017-10-22 07:13:49 +0800, BME280, 27.000000, 55.281250, 1009.298
2017-10-22 07:14:20 +0800, BME280, 27.010000, 55.259766, 1009.282
2017-10-22 07:14:52 +0800, BME280, 27.010000, 55.272461, 1009.301
2017-10-22 07:15:23 +0800, BME280, 26.990000, 55.269531, 1009.302
2017-10-22 07:15:55 +0800, BME280, 27.000000, 55.281250, 1009.276
2017-10-22 07:16:26 +0800, BME280, 27.010000, 55.270508, 1009.301
2017-10-22 07:16:58 +0800, BME280, 27.010000, 55.261719, 1009.335
2017-10-22 07:17:29 +0800, BME280, 27.020000, 55.250977, 1009.356
2017-10-22 07:18:00 +0800, BME280, 27.020000, 55.228516, 1009.341
2017-10-22 07:18:32 +0800, BME280, 27.020000, 55.273438, 1009.335
2017-10-22 07:19:03 +0800, BME280, 27.020000, 55.239258, 1009.357
2017-10-22 07:19:34 +0800, BME280, 27.020000, 55.228516, 1009.342
2017-10-22 07:20:06 +0800, BME280, 27.030001, 55.241211, 1009.343
2017-10-22 07:20:37 +0800, BME280, 27.020000, 55.239258, 1009.351
2017-10-22 07:21:09 +0800, BME280, 27.020000, 55.228516, 1009.323
2017-10-22 07:21:40 +0800, BME280, 27.020000, 55.228516, 1009.361
2017-10-22 07:22:11 +0800, BME280, 27.020000, 55.250977, 1009.365
2017-10-22 07:22:43 +0800, BME280, 27.020000, 55.239258, 1009.339
2017-10-22 07:23:14 +0800, BME280, 27.020000, 55.228516, 1009.361
2017-10-22 07:23:46 +0800, BME280, 27.030001, 55.229492, 1009.331
2017-10-22 07:24:17 +0800, BME280, 27.020000, 55.239258, 1009.339
2017-10-22 07:24:48 +0800, BME280, 27.020000, 55.250977, 1009.326
2017-10-22 07:25:20 +0800, BME280, 27.030001, 55.297852, 1009.319
2017-10-22 07:25:51 +0800, BME280, 27.040001, 55.208008, 1009.328
2017-10-22 07:26:23 +0800, BME280, 27.040001, 55.219727, 1009.380
2017-10-22 07:26:54 +0800, BME280, 27.040001, 55.197266, 1009.350
2017-10-22 07:27:26 +0800, BME280, 27.040001, 55.197266, 1009.379
2017-10-22 07:27:57 +0800, BME280, 27.040001, 55.230469, 1009.367
2017-10-22 07:28:29 +0800, BME280, 27.040001, 55.208008, 1009.340
2017-10-22 07:29:00 +0800, BME280, 27.040001, 55.219727, 1009.349
2017-10-22 07:29:31 +0800, BME280, 27.040001, 55.219727, 1009.372
2017-10-22 07:30:03 +0800, BME280, 27.040001, 55.219727, 1009.355
2017-10-22 07:30:34 +0800, BME280, 27.030001, 55.251953, 1009.359
2017-10-22 07:31:06 +0800, BME280, 27.030001, 55.241211, 1009.371
2017-10-22 07:31:37 +0800, BME280, 27.040001, 55.230469, 1009.362
2017-10-22 07:32:08 +0800, BME280, 27.040001, 55.219727, 1009.391
2017-10-22 07:32:40 +0800, BME280, 27.040001, 55.230469, 1009.404
2017-10-22 07:33:11 +0800, BME280, 27.030001, 55.218750, 1009.391
2017-10-22 07:33:43 +0800, BME280, 27.040001, 55.230469, 1009.388
2017-10-22 07:34:14 +0800, BME280, 27.049999, 55.219727, 1009.424
2017-10-22 07:34:46 +0800, BME280, 27.040001, 55.230469, 1009.411
2017-10-22 07:35:17 +0800, BME280, 27.049999, 55.219727, 1009.400
2017-10-22 07:35:48 +0800, BME280, 27.049999, 55.187500, 1009.392
2017-10-22 07:36:20 +0800, BME280, 27.059999, 55.189453, 1009.418
2017-10-22 07:36:51 +0800, BME280, 27.059999, 55.177734, 1009.417
2017-10-22 07:37:22 +0800, BME280, 27.070000, 55.177734, 1009.433
2017-10-22 07:37:54 +0800, BME280, 27.059999, 55.279297, 1009.439
2017-10-22 07:38:25 +0800, BME280, 27.059999, 55.189453, 1009.420
2017-10-22 07:38:57 +0800, BME280, 27.059999, 55.177734, 1009.400
2017-10-22 07:39:28 +0800, BME280, 27.070000, 55.166992, 1009.430
2017-10-22 07:39:59 +0800, BME280, 27.070000, 55.155273, 1009.385
2017-10-22 07:40:31 +0800, BME280, 27.070000, 55.155273, 1009.423
2017-10-22 07:41:02 +0800, BME280, 27.070000, 55.155273, 1009.377
2017-10-22 07:41:34 +0800, BME280, 27.080000, 55.157227, 1009.415
2017-10-22 07:42:05 +0800, BME280, 27.080000, 55.145508, 1009.389
2017-10-22 07:42:36 +0800, BME280, 27.070000, 55.155273, 1009.388
2017-10-22 07:43:08 +0800, BME280, 27.080000, 55.158203, 1009.419
2017-10-22 07:43:39 +0800, BME280, 27.090000, 55.135742, 1009.428
2017-10-22 07:44:11 +0800, BME280, 27.070000, 55.157227, 1009.449
2017-10-22 07:44:42 +0800, BME280, 27.080000, 55.145508, 1009.482
2017-10-22 07:45:13 +0800, BME280, 27.080000, 55.157227, 1009.463
2017-10-22 07:45:45 +0800, BME280, 27.080000, 55.146484, 1009.512
2017-10-22 07:46:16 +0800, BME280, 27.090000, 55.135742, 1009.514
2017-10-22 07:46:48 +0800, BME280, 27.090000, 55.135742, 1009.516
2017-10-22 07:47:19 +0800, BME280, 27.090000, 55.135742, 1009.526
2017-10-22 07:47:50 +0800, BME280, 27.090000, 55.103516, 1009.523
2017-10-22 07:48:22 +0800, BME280, 27.100000, 55.103516, 1009.539
2017-10-22 07:48:53 +0800, BME280, 27.110001, 55.104492, 1009.540
2017-10-22 07:49:25 +0800, BME280, 27.100000, 55.082031, 1009.535
2017-10-22 07:49:56 +0800, BME280, 27.110001, 55.092773, 1009.558
2017-10-22 07:50:27 +0800, BME280, 27.110001, 55.072266, 1009.571
2017-10-22 07:50:59 +0800, BME280, 27.110001, 55.060547, 1009.581
2017-10-22 07:51:30 +0800, BME280, 27.100000, 55.082031, 1009.564
2017-10-22 07:52:02 +0800, BME280, 27.110001, 55.070312, 1009.573
2017-10-22 07:52:33 +0800, BME280, 27.110001, 55.072266, 1009.559
2017-10-22 07:53:04 +0800, BME280, 27.120001, 54.982422, 1009.588
2017-10-22 07:53:36 +0800, BME280, 27.120001, 55.038086, 1009.580
2017-10-22 07:54:07 +0800, BME280, 27.120001, 55.038086, 1009.598
2017-10-22 07:54:39 +0800, BME280, 27.120001, 55.027344, 1009.593
2017-10-22 07:55:10 +0800, BME280, 27.120001, 55.015625, 1009.594
2017-10-22 07:55:42 +0800, BME280, 27.120001, 55.027344, 1009.597
2017-10-22 07:56:13 +0800, BME280, 27.120001, 55.028320, 1009.588
2017-10-22 07:56:44 +0800, BME280, 27.120001, 55.027344, 1009.606
2017-10-22 07:57:16 +0800, BME280, 27.129999, 55.029297, 1009.602
2017-10-22 07:57:47 +0800, BME280, 27.120001, 55.016602, 1009.582
2017-10-22 07:58:19 +0800, BME280, 27.139999, 54.996094, 1009.596
2017-10-22 07:58:50 +0800, BME280, 27.129999, 55.018555, 1009.597
2017-10-22 07:59:22 +0800, BME280, 27.129999, 54.996094, 1009.599
2017-10-22 07:59:53 +0800, BME280, 27.129999, 54.994141, 1009.574
2017-10-22 08:00:24 +0800, BME280, 27.129999, 55.006836, 1009.571
2017-10-22 08:00:56 +0800, BME280, 27.139999, 54.984375, 1009.621
2017-10-22 08:01:27 +0800, BME280, 27.129999, 54.973633, 1009.608
2017-10-22 08:01:59 +0800, BME280, 27.139999, 54.973633, 1009.614
2017-10-22 08:02:30 +0800, BME280, 27.139999, 54.973633, 1009.610
2017-10-22 08:03:01 +0800, BME280, 27.150000, 54.975586, 1009.611
2017-10-22 08:03:33 +0800, BME280, 27.150000, 54.964844, 1009.613
2017-10-22 08:04:04 +0800, BME280, 27.139999, 54.961914, 1009.604
2017-10-22 08:04:36 +0800, BME280, 27.139999, 54.974609, 1009.658
2017-10-22 08:05:07 +0800, BME280, 27.150000, 54.964844, 1009.637
2017-10-22 08:05:39 +0800, BME280, 27.150000, 54.964844, 1009.638
2017-10-22 08:06:10 +0800, BME280, 27.150000, 54.953125, 1009.692
2017-10-22 08:06:41 +0800, BME280, 27.150000, 54.953125, 1009.707
2017-10-22 08:07:13 +0800, BME280, 27.150000, 54.942383, 1009.683
2017-10-22 08:07:44 +0800, BME280, 27.139999, 54.928711, 1009.700
2017-10-22 08:08:16 +0800, BME280, 27.160000, 54.931641, 1009.740
2017-10-22 08:08:47 +0800, BME280, 27.160000, 54.942383, 1009.730
2017-10-22 08:09:18 +0800, BME280, 27.160000, 54.930664, 1009.735
2017-10-22 08:09:50 +0800, BME280, 27.160000, 54.920898, 1009.713
2017-10-22 08:10:21 +0800, BME280, 27.160000, 54.919922, 1009.747
2017-10-22 08:10:53 +0800, BME280, 27.170000, 54.888672, 1009.727
2017-10-22 08:11:24 +0800, BME280, 27.160000, 54.886719, 1009.714
2017-10-22 08:11:56 +0800, BME280, 27.170000, 54.954102, 1009.700
2017-10-22 08:12:27 +0800, BME280, 27.160000, 54.875977, 1009.690
2017-10-22 08:12:58 +0800, BME280, 27.170000, 54.854492, 1009.715
2017-10-22 08:13:30 +0800, BME280, 27.170000, 54.854492, 1009.733
2017-10-22 08:14:01 +0800, BME280, 27.180000, 54.867188, 1009.756
2017-10-22 08:14:33 +0800, BME280, 27.180000, 54.867188, 1009.777
2017-10-22 08:15:04 +0800, BME280, 27.170000, 54.888672, 1009.809
2017-10-22 08:15:35 +0800, BME280, 27.170000, 54.866211, 1009.773
2017-10-22 08:16:07 +0800, BME280, 27.170000, 54.876953, 1009.808
2017-10-22 08:16:38 +0800, BME280, 27.170000, 54.888672, 1009.801
2017-10-22 08:17:09 +0800, BME280, 27.180000, 54.889648, 1009.812
2017-10-22 08:17:41 +0800, BME280, 27.180000, 54.877930, 1009.842
2017-10-22 08:18:12 +0800, BME280, 27.170000, 54.888672, 1009.850
2017-10-22 08:18:44 +0800, BME280, 27.180000, 54.867188, 1009.884
2017-10-22 08:20:16 +0800, BME280, 27.180000, 54.867188, 1009.883
2017-10-22 08:20:48 +0800, BME280, 27.190001, 54.867188, 1009.866
2017-10-22 08:21:19 +0800, BME280, 27.180000, 54.867188, 1009.865
2017-10-22 08:21:50 +0800, BME280, 27.180000, 54.855469, 1009.875
2017-10-22 08:22:22 +0800, BME280, 27.190001, 54.867188, 1009.915
2017-10-22 08:22:53 +0800, BME280, 27.180000, 54.867188, 1009.958
2017-10-22 08:23:25 +0800, BME280, 27.180000, 54.867188, 1009.903
2017-10-22 08:23:56 +0800, BME280, 27.180000, 54.877930, 1009.926
2017-10-22 08:24:28 +0800, BME280, 27.190001, 54.868164, 1009.961
2017-10-22 08:24:59 +0800, BME280, 27.190001, 54.889648, 1009.970
2017-10-22 08:25:30 +0800, BME280, 27.180000, 54.877930, 1009.937
2017-10-22 08:26:02 +0800, BME280, 27.180000, 54.889648, 1009.965
2017-10-22 08:26:33 +0800, BME280, 27.190001, 54.890625, 1009.996
2017-10-22 08:27:05 +0800, BME280, 27.190001, 54.880859, 1010.005
2017-10-22 08:27:36 +0800, BME280, 27.190001, 54.868164, 1009.995
2017-10-22 08:28:07 +0800, BME280, 27.190001, 54.869141, 1009.983
2017-10-22 08:28:39 +0800, BME280, 27.200001, 54.858398, 1010.014
2017-10-22 08:29:10 +0800, BME280, 27.200001, 54.846680, 1010.003
2017-10-22 08:29:41 +0800, BME280, 27.209999, 54.847656, 1010.019
2017-10-22 08:30:13 +0800, BME280, 27.209999, 54.847656, 1010.025
2017-10-22 08:30:44 +0800, BME280, 27.209999, 54.869141, 1010.039
2017-10-22 08:31:16 +0800, BME280, 27.209999, 54.827148, 1010.006
2017-10-22 08:31:47 +0800, BME280, 27.209999, 54.825195, 1010.049
2017-10-22 08:32:19 +0800, BME280, 27.209999, 54.847656, 1010.052
2017-10-22 08:32:50 +0800, BME280, 27.200001, 54.846680, 1010.049
2017-10-22 08:33:21 +0800, BME280, 27.219999, 54.805664, 1010.054
2017-10-22 08:33:53 +0800, BME280, 27.230000, 54.783203, 1010.066
2017-10-22 08:34:24 +0800, BME280, 27.230000, 54.760742, 1010.033
2017-10-22 08:34:56 +0800, BME280, 27.230000, 54.771484, 1010.029
2017-10-22 08:35:27 +0800, BME280, 27.230000, 54.771484, 1010.031
2017-10-22 08:35:58 +0800, BME280, 27.230000, 54.761719, 1010.044
2017-10-22 08:36:30 +0800, BME280, 27.209999, 54.758789, 1010.018
2017-10-22 08:37:01 +0800, BME280, 27.240000, 54.785156, 1010.040
2017-10-22 08:37:33 +0800, BME280, 27.240000, 54.785156, 1010.063
2017-10-22 08:38:04 +0800, BME280, 27.240000, 54.785156, 1010.068
2017-10-22 08:38:35 +0800, BME280, 27.240000, 54.796875, 1010.085
2017-10-22 08:39:07 +0800, BME280, 27.240000, 54.830078, 1010.068
2017-10-22 08:39:38 +0800, BME280, 27.250000, 54.785156, 1010.055
2017-10-22 08:40:10 +0800, BME280, 27.260000, 54.786133, 1010.073
2017-10-22 08:40:41 +0800, BME280, 27.250000, 54.774414, 1010.056
2017-10-22 08:41:12 +0800, BME280, 27.260000, 54.786133, 1010.045
2017-10-22 08:41:44 +0800, BME280, 27.250000, 54.774414, 1010.069
2017-10-22 08:42:15 +0800, BME280, 27.260000, 54.775391, 1010.088
2017-10-22 08:42:47 +0800, BME280, 27.260000, 54.776367, 1010.074
2017-10-22 08:43:18 +0800, BME280, 27.270000, 54.776367, 1010.045
2017-10-22 08:43:50 +0800, BME280, 27.250000, 54.774414, 1010.041
2017-10-22 08:44:21 +0800, BME280, 27.260000, 54.775391, 1010.059
2017-10-22 08:44:52 +0800, BME280, 27.250000, 54.774414, 1010.033
2017-10-22 08:45:24 +0800, BME280, 27.260000, 54.775391, 1010.064
2017-10-22 08:45:55 +0800, BME280, 27.260000, 54.763672, 1010.060
2017-10-22 08:46:27 +0800, BME280, 27.260000, 54.764648, 1010.042
2017-10-22 08:46:58 +0800, BME280, 27.260000, 54.764648, 1010.059
2017-10-22 08:47:29 +0800, BME280, 27.260000, 54.763672, 1010.064
2017-10-22 08:48:01 +0800, BME280, 27.260000, 54.731445, 1010.060
2017-10-22 08:48:32 +0800, BME280, 27.260000, 54.708984, 1010.075
2017-10-22 08:49:03 +0800, BME280, 27.260000, 54.686523, 1010.064
2017-10-22 08:49:35 +0800, BME280, 27.280001, 54.665039, 1010.068
2017-10-22 08:50:07 +0800, BME280, 27.270000, 54.642578, 1010.025
2017-10-22 08:50:38 +0800, BME280, 27.270000, 54.676758, 1010.073
2017-10-22 08:51:09 +0800, BME280, 27.280001, 54.631836, 1010.104
2017-10-22 08:51:41 +0800, BME280, 27.270000, 54.620117, 1010.078
2017-10-22 08:52:12 +0800, BME280, 27.270000, 54.631836, 1010.059
2017-10-22 08:52:44 +0800, BME280, 27.270000, 54.597656, 1010.076
2017-10-22 08:53:15 +0800, BME280, 27.270000, 54.619141, 1010.072
2017-10-22 08:53:46 +0800, BME280, 27.260000, 54.619141, 1010.078
2017-10-22 08:54:18 +0800, BME280, 27.270000, 54.620117, 1010.069
2017-10-22 08:54:55 +0800, BME280, 27.270000, 54.619141, 1010.048
2017-10-22 08:55:27 +0800, BME280, 27.260000, 54.630859, 1010.062
2017-10-22 08:55:58 +0800, BME280, 27.260000, 54.640625, 1010.083
2017-10-22 08:56:30 +0800, BME280, 27.260000, 54.630859, 1010.060
2017-10-22 08:57:01 +0800, BME280, 27.260000, 54.641602, 1010.075
2017-10-22 08:57:32 +0800, BME280, 27.270000, 54.641602, 1010.067
2017-10-22 08:58:04 +0800, BME280, 27.260000, 54.628906, 1010.055
2017-10-22 08:58:35 +0800, BME280, 27.260000, 54.618164, 1010.048
2017-10-22 08:59:07 +0800, BME280, 27.260000, 54.628906, 1010.050
2017-10-22 08:59:38 +0800, BME280, 27.260000, 54.630859, 1010.043
2017-10-22 09:00:10 +0800, BME280, 27.270000, 54.654297, 1010.020
2017-10-22 09:00:41 +0800, BME280, 27.270000, 54.676758, 1010.037
2017-10-22 09:01:13 +0800, BME280, 27.260000, 54.686523, 1010.024
2017-10-22 09:01:44 +0800, BME280, 27.260000, 54.731445, 1010.007
2017-10-22 09:02:16 +0800, BME280, 27.260000, 54.763672, 1010.053
2017-10-22 09:02:47 +0800, BME280, 27.260000, 54.798828, 1010.064
2017-10-22 09:03:18 +0800, BME280, 27.260000, 54.831055, 1010.045
2017-10-22 09:03:50 +0800, BME280, 27.260000, 54.821289, 1010.040
2017-10-22 09:04:21 +0800, BME280, 27.260000, 54.842773, 1010.032
2017-10-22 09:04:53 +0800, BME280, 27.250000, 54.875000, 1010.012
2017-10-22 09:05:24 +0800, BME280, 27.250000, 54.863281, 1010.007
2017-10-22 09:05:56 +0800, BME280, 27.250000, 54.885742, 1010.003
2017-10-22 09:06:27 +0800, BME280, 27.250000, 54.919922, 1009.977
2017-10-22 09:06:58 +0800, BME280, 27.250000, 54.919922, 1009.964
2017-10-22 09:07:30 +0800, BME280, 27.250000, 54.919922, 1009.968
2017-10-22 09:08:01 +0800, BME280, 27.230000, 54.996094, 1009.955
2017-10-22 09:08:33 +0800, BME280, 27.240000, 54.987305, 1009.992
2017-10-22 09:09:04 +0800, BME280, 27.240000, 54.974609, 1009.959
2017-10-22 09:09:35 +0800, BME280, 27.230000, 55.007812, 1009.995
2017-10-22 09:10:07 +0800, BME280, 27.219999, 55.017578, 1009.968
2017-10-22 09:10:38 +0800, BME280, 27.219999, 55.028320, 1009.958
2017-10-22 09:11:10 +0800, BME280, 27.219999, 55.041016, 1009.983
2017-10-22 09:11:41 +0800, BME280, 27.219999, 55.085938, 1009.960
2017-10-22 09:12:12 +0800, BME280, 27.219999, 55.029297, 1009.976
2017-10-22 09:12:44 +0800, BME280, 27.219999, 54.996094, 1009.995
2017-10-22 09:13:15 +0800, BME280, 27.230000, 54.984375, 1009.998
2017-10-22 09:13:47 +0800, BME280, 27.230000, 55.006836, 1010.022
2017-10-22 09:14:18 +0800, BME280, 27.230000, 55.018555, 1009.953
2017-10-22 09:14:49 +0800, BME280, 27.230000, 54.984375, 1009.979
2017-10-22 09:15:21 +0800, BME280, 27.230000, 54.997070, 1009.983
2017-10-22 09:15:52 +0800, BME280, 27.240000, 54.998047, 1010.019
2017-10-22 09:16:24 +0800, BME280, 27.250000, 55.020508, 1010.015
2017-10-22 09:16:55 +0800, BME280, 27.240000, 55.032227, 1009.990
2017-10-22 09:17:26 +0800, BME280, 27.240000, 55.007812, 1010.018
2017-10-22 09:17:58 +0800, BME280, 27.240000, 54.998047, 1009.997
2017-10-22 09:18:29 +0800, BME280, 27.240000, 55.020508, 1010.014
2017-10-22 09:19:01 +0800, BME280, 27.230000, 55.051758, 1010.004
2017-10-22 09:19:32 +0800, BME280, 27.230000, 55.063477, 1010.028
2017-10-22 09:20:03 +0800, BME280, 27.219999, 55.063477, 1010.015
2017-10-22 09:20:35 +0800, BME280, 27.219999, 55.083984, 1010.011
2017-10-22 09:21:06 +0800, BME280, 27.219999, 55.061523, 1010.021
2017-10-22 09:21:37 +0800, BME280, 27.219999, 55.085938, 1010.014
2017-10-22 09:22:09 +0800, BME280, 27.219999, 55.041016, 1010.039
2017-10-22 09:22:40 +0800, BME280, 27.219999, 55.074219, 1010.045
2017-10-22 09:23:12 +0800, BME280, 27.219999, 55.041016, 1010.020
2017-10-22 09:23:43 +0800, BME280, 27.219999, 54.996094, 1010.024
2017-10-22 09:24:15 +0800, BME280, 27.219999, 55.085938, 1010.023
2017-10-22 09:24:46 +0800, BME280, 27.230000, 55.085938, 1010.040
2017-10-22 09:25:26 +0800, BME280, 27.219999, 55.018555, 1010.034
2017-10-22 09:25:57 +0800, BME280, 27.219999, 55.018555, 1010.002
2017-10-22 09:26:29 +0800, BME280, 27.219999, 55.051758, 1010.023
2017-10-22 09:27:00 +0800, BME280, 27.219999, 55.050781, 1010.004
2017-10-22 09:27:31 +0800, BME280, 27.230000, 55.006836, 1010.021
2017-10-22 09:28:03 +0800, BME280, 27.219999, 55.029297, 1010.031
2017-10-22 09:28:34 +0800, BME280, 27.230000, 54.973633, 1010.021
2017-10-22 09:29:06 +0800, BME280, 27.209999, 55.050781, 1009.992
2017-10-22 09:29:37 +0800, BME280, 27.219999, 54.937500, 1010.027
2017-10-22 09:30:08 +0800, BME280, 27.209999, 55.059570, 1009.990
2017-10-22 09:30:40 +0800, BME280, 27.209999, 55.017578, 1010.023
2017-10-22 09:31:11 +0800, BME280, 27.219999, 55.006836, 1010.030
2017-10-22 09:31:43 +0800, BME280, 27.219999, 55.017578, 1010.026
2017-10-22 09:32:14 +0800, BME280, 27.209999, 55.015625, 1010.036
2017-10-22 09:32:46 +0800, BME280, 27.219999, 55.040039, 1010.068
2017-10-22 09:33:17 +0800, BME280, 27.219999, 55.029297, 1010.050
2017-10-22 09:33:48 +0800, BME280, 27.209999, 54.983398, 1010.001
2017-10-22 09:34:20 +0800, BME280, 27.219999, 55.017578, 1010.010
2017-10-22 09:34:51 +0800, BME280, 27.219999, 55.061523, 1010.004
2017-10-22 09:35:23 +0800, BME280, 27.219999, 54.984375, 1010.029
2017-10-22 09:35:54 +0800, BME280, 27.230000, 55.041016, 1009.998
2017-10-22 09:36:26 +0800, BME280, 27.230000, 55.006836, 1009.984
2017-10-22 09:36:57 +0800, BME280, 27.230000, 55.018555, 1010.014
2017-10-22 09:37:28 +0800, BME280, 27.230000, 55.064453, 1009.998
2017-10-22 09:38:00 +0800, BME280, 27.219999, 55.051758, 1009.995
2017-10-22 09:38:31 +0800, BME280, 27.240000, 55.007812, 1009.994
2017-10-22 09:39:02 +0800, BME280, 27.230000, 54.974609, 1009.993
2017-10-22 09:39:34 +0800, BME280, 27.230000, 54.952148, 1009.988
2017-10-22 09:40:05 +0800, BME280, 27.230000, 54.952148, 1009.982
2017-10-22 09:40:37 +0800, BME280, 27.230000, 54.973633, 1009.995
2017-10-22 09:41:08 +0800, BME280, 27.230000, 55.007812, 1010.032
2017-10-22 09:41:39 +0800, BME280, 27.230000, 54.985352, 1010.029
2017-10-22 09:42:11 +0800, BME280, 27.240000, 54.897461, 1010.052
2017-10-22 09:42:42 +0800, BME280, 27.240000, 54.942383, 1010.051
2017-10-22 09:43:14 +0800, BME280, 27.240000, 54.806641, 1010.041
2017-10-22 09:43:45 +0800, BME280, 27.240000, 54.796875, 1010.013
2017-10-22 09:44:16 +0800, BME280, 27.250000, 54.785156, 1010.008
2017-10-22 09:44:48 +0800, BME280, 27.260000, 54.708984, 1010.023
2017-10-22 09:45:19 +0800, BME280, 27.260000, 54.720703, 1010.015
2017-10-22 09:45:51 +0800, BME280, 27.260000, 54.550781, 1010.017
2017-10-22 09:46:22 +0800, BME280, 27.260000, 54.382812, 1010.027
2017-10-22 09:46:54 +0800, BME280, 27.260000, 54.350586, 1010.006
2017-10-22 09:47:25 +0800, BME280, 27.260000, 54.338867, 1010.000
2017-10-22 09:47:56 +0800, BME280, 27.280001, 54.295898, 1009.984
2017-10-22 09:48:28 +0800, BME280, 27.270000, 54.329102, 1009.975
2017-10-22 09:48:59 +0800, BME280, 27.270000, 54.305664, 1009.966
2017-10-22 09:49:31 +0800, BME280, 27.270000, 54.306641, 1009.935
2017-10-22 09:50:02 +0800, BME280, 27.270000, 54.273438, 1009.947
2017-10-22 09:50:34 +0800, BME280, 27.270000, 54.284180, 1009.880
2017-10-22 09:51:05 +0800, BME280, 27.280001, 54.306641, 1009.888
2017-10-22 09:51:37 +0800, BME280, 27.270000, 54.295898, 1009.859
2017-10-22 09:52:08 +0800, BME280, 27.280001, 54.295898, 1009.872
2017-10-22 09:52:39 +0800, BME280, 27.280001, 54.273438, 1009.884
2017-10-22 09:53:11 +0800, BME280, 27.280001, 54.273438, 1009.880
2017-10-22 09:53:42 +0800, BME280, 27.280001, 54.251953, 1009.906
2017-10-22 09:54:14 +0800, BME280, 27.280001, 54.317383, 1009.905
2017-10-22 09:54:45 +0800, BME280, 27.280001, 54.250977, 1009.912
2017-10-22 09:55:16 +0800, BME280, 27.280001, 54.273438, 1009.879
2017-10-22 09:55:53 +0800, BME280, 27.290001, 54.230469, 1009.901
2017-10-22 09:56:25 +0800, BME280, 27.280001, 54.251953, 1009.950
2017-10-22 09:56:56 +0800, BME280, 27.280001, 54.295898, 1009.903
2017-10-22 09:57:27 +0800, BME280, 27.280001, 54.295898, 1009.920
2017-10-22 09:57:59 +0800, BME280, 27.280001, 54.284180, 1009.858
2017-10-22 09:58:30 +0800, BME280, 27.280001, 54.261719, 1009.859
2017-10-22 09:59:02 +0800, BME280, 27.270000, 54.138672, 1009.857
2017-10-22 09:59:33 +0800, BME280, 27.270000, 54.149414, 1009.915
2017-10-22 10:00:04 +0800, BME280, 27.270000, 54.206055, 1009.897
2017-10-22 10:00:36 +0800, BME280, 27.270000, 54.228516, 1009.889
2017-10-22 10:01:07 +0800, BME280, 27.270000, 54.183594, 1009.907
2017-10-22 10:01:38 +0800, BME280, 27.270000, 54.206055, 1009.893
2017-10-22 10:02:10 +0800, BME280, 27.270000, 54.194336, 1009.869
2017-10-22 10:02:42 +0800, BME280, 27.280001, 54.149414, 1009.872
2017-10-22 10:03:13 +0800, BME280, 27.280001, 54.194336, 1009.856
2017-10-22 10:03:45 +0800, BME280, 27.280001, 54.162109, 1009.840
2017-10-22 10:04:16 +0800, BME280, 27.270000, 54.171875, 1009.853
2017-10-22 10:04:47 +0800, BME280, 27.280001, 54.116211, 1009.862
2017-10-22 10:05:19 +0800, BME280, 27.270000, 54.138672, 1009.836
2017-10-22 10:05:50 +0800, BME280, 27.270000, 54.194336, 1009.867
2017-10-22 10:06:21 +0800, BME280, 27.280001, 54.116211, 1009.897
2017-10-22 10:06:53 +0800, BME280, 27.280001, 54.149414, 1009.853
2017-10-22 10:07:24 +0800, BME280, 27.280001, 54.162109, 1009.850
2017-10-22 10:07:56 +0800, BME280, 27.280001, 54.116211, 1009.841
2017-10-22 10:08:27 +0800, BME280, 27.280001, 54.105469, 1009.847
2017-10-22 10:08:59 +0800, BME280, 27.280001, 54.116211, 1009.842
2017-10-22 10:09:30 +0800, BME280, 27.280001, 54.093750, 1009.863
2017-10-22 10:10:01 +0800, BME280, 27.280001, 54.126953, 1009.810
2017-10-22 10:10:33 +0800, BME280, 27.270000, 54.093750, 1009.840
2017-10-22 10:11:04 +0800, BME280, 27.270000, 54.126953, 1009.838
2017-10-22 10:11:36 +0800, BME280, 27.260000, 54.103516, 1009.835
2017-10-22 10:12:07 +0800, BME280, 27.270000, 54.126953, 1009.857
2017-10-22 10:12:38 +0800, BME280, 27.260000, 54.069336, 1009.833
2017-10-22 10:13:10 +0800, BME280, 27.260000, 54.058594, 1009.803
2017-10-22 10:13:41 +0800, BME280, 27.260000, 54.081055, 1009.846
2017-10-22 10:14:13 +0800, BME280, 27.270000, 54.082031, 1009.863
2017-10-22 10:14:44 +0800, BME280, 27.270000, 54.116211, 1009.870
2017-10-22 10:15:16 +0800, BME280, 27.270000, 54.093750, 1009.857
2017-10-22 10:15:47 +0800, BME280, 27.260000, 54.092773, 1009.889
2017-10-22 10:16:19 +0800, BME280, 27.270000, 54.071289, 1009.884
2017-10-22 10:16:50 +0800, BME280, 27.260000, 54.047852, 1009.895
2017-10-22 10:17:21 +0800, BME280, 27.260000, 54.036133, 1009.853
2017-10-22 10:17:53 +0800, BME280, 27.260000, 54.046875, 1009.865
2017-10-22 10:18:24 +0800, BME280, 27.260000, 54.057617, 1009.897
2017-10-22 10:18:56 +0800, BME280, 27.260000, 54.036133, 1009.865
2017-10-22 10:19:27 +0800, BME280, 27.260000, 54.047852, 1009.875
2017-10-22 10:19:58 +0800, BME280, 27.270000, 54.070312, 1009.913
2017-10-22 10:20:30 +0800, BME280, 27.270000, 54.036133, 1009.881
2017-10-22 10:21:01 +0800, BME280, 27.270000, 54.036133, 1009.878
2017-10-22 10:21:32 +0800, BME280, 27.250000, 54.067383, 1009.838
2017-10-22 10:22:04 +0800, BME280, 27.270000, 54.037109, 1009.875
2017-10-22 10:22:35 +0800, BME280, 27.280001, 54.026367, 1009.861
2017-10-22 10:23:07 +0800, BME280, 27.270000, 54.026367, 1009.836
2017-10-22 10:23:38 +0800, BME280, 27.280001, 54.026367, 1009.861
2017-10-22 10:24:10 +0800, BME280, 27.270000, 54.037109, 1009.841
2017-10-22 10:24:41 +0800, BME280, 27.270000, 54.037109, 1009.852
2017-10-22 10:25:12 +0800, BME280, 27.270000, 54.082031, 1009.835
2017-10-22 10:25:44 +0800, BME280, 27.270000, 54.082031, 1009.813
2017-10-22 10:26:21 +0800, BME280, 27.270000, 54.104492, 1009.835
2017-10-22 10:26:52 +0800, BME280, 27.270000, 54.116211, 1009.817
2017-10-22 10:27:23 +0800, BME280, 27.270000, 54.037109, 1009.805
2017-10-22 10:27:55 +0800, BME280, 27.270000, 54.092773, 1009.802
2017-10-22 10:28:26 +0800, BME280, 27.280001, 54.082031, 1009.807
2017-10-22 10:28:58 +0800, BME280, 27.280001, 54.082031, 1009.826
2017-10-22 10:29:29 +0800, BME280, 27.280001, 54.126953, 1009.805
2017-10-22 10:30:00 +0800, BME280, 27.280001, 54.138672, 1009.815
2017-10-22 10:30:32 +0800, BME280, 27.280001, 54.082031, 1009.802
2017-10-22 10:31:03 +0800, BME280, 27.280001, 54.138672, 1009.792
2017-10-22 10:31:35 +0800, BME280, 27.270000, 54.161133, 1009.792
2017-10-22 10:32:06 +0800, BME280, 27.270000, 54.125977, 1009.773
2017-10-22 10:32:37 +0800, BME280, 27.270000, 54.126953, 1009.768
2017-10-22 10:33:09 +0800, BME280, 27.270000, 54.116211, 1009.753
2017-10-22 10:33:40 +0800, BME280, 27.270000, 54.126953, 1009.792
2017-10-22 10:34:12 +0800, BME280, 27.270000, 54.126953, 1009.777
2017-10-22 10:34:43 +0800, BME280, 27.270000, 54.082031, 1009.793
2017-10-22 10:35:15 +0800, BME280, 27.270000, 54.126953, 1009.759
2017-10-22 10:35:46 +0800, BME280, 27.280001, 54.048828, 1009.741
2017-10-22 10:36:17 +0800, BME280, 27.270000, 54.138672, 1009.725
2017-10-22 10:36:49 +0800, BME280, 27.270000, 54.126953, 1009.760
2017-10-22 10:37:20 +0800, BME280, 27.270000, 54.183594, 1009.700
2017-10-22 10:37:52 +0800, BME280, 27.270000, 54.048828, 1009.727
2017-10-22 10:38:23 +0800, BME280, 27.270000, 54.003906, 1009.679
2017-10-22 10:38:54 +0800, BME280, 27.270000, 53.993164, 1009.686
2017-10-22 10:39:26 +0800, BME280, 27.270000, 54.104492, 1009.645
2017-10-22 10:39:57 +0800, BME280, 27.270000, 54.093750, 1009.659
2017-10-22 10:40:29 +0800, BME280, 27.270000, 54.014648, 1009.664
2017-10-22 10:41:00 +0800, BME280, 27.270000, 53.970703, 1009.683
2017-10-22 10:41:32 +0800, BME280, 27.270000, 53.970703, 1009.658
2017-10-22 10:42:03 +0800, BME280, 27.280001, 54.014648, 1009.677
2017-10-22 10:42:35 +0800, BME280, 27.280001, 54.037109, 1009.670
2017-10-22 10:43:06 +0800, BME280, 27.280001, 54.014648, 1009.665
2017-10-22 10:43:37 +0800, BME280, 27.270000, 54.003906, 1009.642
2017-10-22 10:44:09 +0800, BME280, 27.270000, 53.993164, 1009.618
2017-10-22 10:44:40 +0800, BME280, 27.260000, 54.025391, 1009.612
2017-10-22 10:45:12 +0800, BME280, 27.260000, 54.025391, 1009.623
2017-10-22 10:45:43 +0800, BME280, 27.270000, 53.958008, 1009.641
2017-10-22 10:46:15 +0800, BME280, 27.260000, 53.968750, 1009.594
2017-10-22 10:46:46 +0800, BME280, 27.270000, 54.013672, 1009.635
2017-10-22 10:47:17 +0800, BME280, 27.270000, 53.980469, 1009.586
2017-10-22 10:47:49 +0800, BME280, 27.270000, 54.071289, 1009.568
2017-10-22 10:48:20 +0800, BME280, 27.270000, 54.003906, 1009.590
2017-10-22 10:48:52 +0800, BME280, 27.280001, 53.970703, 1009.570
2017-10-22 10:49:23 +0800, BME280, 27.270000, 53.948242, 1009.593
2017-10-22 10:49:54 +0800, BME280, 27.270000, 53.936523, 1009.578
2017-10-22 10:50:26 +0800, BME280, 27.270000, 54.025391, 1009.582
2017-10-22 10:50:57 +0800, BME280, 27.270000, 54.026367, 1009.548
2017-10-22 10:51:29 +0800, BME280, 27.280001, 53.981445, 1009.572
2017-10-22 10:52:00 +0800, BME280, 27.270000, 53.948242, 1009.566
2017-10-22 10:52:32 +0800, BME280, 27.280001, 53.970703, 1009.577
2017-10-22 10:53:03 +0800, BME280, 27.280001, 54.039062, 1009.551
2017-10-22 10:53:34 +0800, BME280, 27.280001, 53.959961, 1009.559
2017-10-22 10:54:06 +0800, BME280, 27.280001, 53.880859, 1009.515
2017-10-22 10:54:37 +0800, BME280, 27.280001, 53.846680, 1009.548
2017-10-22 10:55:08 +0800, BME280, 27.280001, 53.915039, 1009.516
2017-10-22 10:55:40 +0800, BME280, 27.280001, 53.936523, 1009.494
2017-10-22 10:56:11 +0800, BME280, 27.280001, 53.948242, 1009.486
2017-10-22 10:56:47 +0800, BME280, 27.270000, 53.948242, 1009.467
2017-10-22 10:57:18 +0800, BME280, 27.280001, 53.904297, 1009.502
2017-10-22 10:57:50 +0800, BME280, 27.280001, 53.891602, 1009.446
2017-10-22 10:58:21 +0800, BME280, 27.290001, 53.905273, 1009.467
2017-10-22 10:58:53 +0800, BME280, 27.280001, 53.926758, 1009.465
2017-10-22 10:59:24 +0800, BME280, 27.280001, 53.926758, 1009.468
2017-10-22 10:59:55 +0800, BME280, 27.280001, 53.846680, 1009.464
2017-10-22 11:00:27 +0800, BME280, 27.280001, 53.847656, 1009.463
2017-10-22 11:00:58 +0800, BME280, 27.280001, 53.859375, 1009.485
2017-10-22 11:01:30 +0800, BME280, 27.260000, 53.857422, 1009.445
2017-10-22 11:02:01 +0800, BME280, 27.290001, 53.882812, 1009.482
2017-10-22 11:02:33 +0800, BME280, 27.280001, 53.836914, 1009.441
2017-10-22 11:03:04 +0800, BME280, 27.290001, 53.872070, 1009.471
2017-10-22 11:03:35 +0800, BME280, 27.290001, 53.882812, 1009.416
2017-10-22 11:04:07 +0800, BME280, 27.290001, 53.881836, 1009.421
2017-10-22 11:04:38 +0800, BME280, 27.280001, 53.892578, 1009.425
2017-10-22 11:05:10 +0800, BME280, 27.290001, 53.882812, 1009.406
2017-10-22 11:05:42 +0800, BME280, 27.290001, 53.893555, 1009.394
2017-10-22 11:06:13 +0800, BME280, 27.290001, 53.950195, 1009.373
2017-10-22 11:06:45 +0800, BME280, 27.280001, 53.915039, 1009.369
2017-10-22 11:07:16 +0800, BME280, 27.290001, 53.916016, 1009.347
2017-10-22 11:07:47 +0800, BME280, 27.280001, 53.982422, 1009.365
2017-10-22 11:08:19 +0800, BME280, 27.280001, 53.959961, 1009.358
2017-10-22 11:08:50 +0800, BME280, 27.280001, 53.971680, 1009.357
2017-10-22 11:09:22 +0800, BME280, 27.280001, 53.971680, 1009.387
2017-10-22 11:09:53 +0800, BME280, 27.280001, 53.926758, 1009.347
2017-10-22 11:10:24 +0800, BME280, 27.280001, 53.881836, 1009.358
2017-10-22 11:10:56 +0800, BME280, 27.280001, 53.880859, 1009.358
2017-10-22 11:11:27 +0800, BME280, 27.290001, 53.814453, 1009.355
2017-10-22 11:11:59 +0800, BME280, 27.280001, 53.847656, 1009.360
2017-10-22 11:12:30 +0800, BME280, 27.280001, 53.870117, 1009.360
2017-10-22 11:13:01 +0800, BME280, 27.280001, 53.880859, 1009.375
2017-10-22 11:13:33 +0800, BME280, 27.280001, 53.903320, 1009.365
2017-10-22 11:14:04 +0800, BME280, 27.280001, 53.869141, 1009.360
2017-10-22 11:14:36 +0800, BME280, 27.280001, 53.892578, 1009.365
2017-10-22 11:15:07 +0800, BME280, 27.280001, 53.881836, 1009.347
2017-10-22 11:15:39 +0800, BME280, 27.280001, 53.892578, 1009.360
2017-10-22 11:16:10 +0800, BME280, 27.280001, 53.926758, 1009.338
2017-10-22 11:16:41 +0800, BME280, 27.280001, 53.958984, 1009.331
2017-10-22 11:17:13 +0800, BME280, 27.280001, 53.904297, 1009.367
2017-10-22 11:17:44 +0800, BME280, 27.280001, 53.880859, 1009.358
2017-10-22 11:18:16 +0800, BME280, 27.280001, 53.859375, 1009.357
2017-10-22 11:18:47 +0800, BME280, 27.280001, 53.916016, 1009.335
2017-10-22 11:19:18 +0800, BME280, 27.280001, 53.881836, 1009.320
2017-10-22 11:19:50 +0800, BME280, 27.280001, 53.926758, 1009.332
2017-10-22 11:20:21 +0800, BME280, 27.290001, 53.849609, 1009.333
2017-10-22 11:20:53 +0800, BME280, 27.290001, 53.837891, 1009.300
2017-10-22 11:21:24 +0800, BME280, 27.290001, 53.893555, 1009.317
2017-10-22 11:21:55 +0800, BME280, 27.280001, 53.892578, 1009.266
2017-10-22 11:22:27 +0800, BME280, 27.280001, 53.870117, 1009.234
2017-10-22 11:22:58 +0800, BME280, 27.280001, 53.926758, 1009.256
2017-10-22 11:23:30 +0800, BME280, 27.280001, 53.870117, 1009.279
2017-10-22 11:24:01 +0800, BME280, 27.280001, 53.892578, 1009.274
2017-10-22 11:24:33 +0800, BME280, 27.280001, 53.847656, 1009.263
2017-10-22 11:25:04 +0800, BME280, 27.299999, 53.815430, 1009.255
2017-10-22 11:25:35 +0800, BME280, 27.290001, 53.849609, 1009.240
2017-10-22 11:26:07 +0800, BME280, 27.290001, 53.815430, 1009.228
2017-10-22 11:26:38 +0800, BME280, 27.280001, 53.847656, 1009.198
2017-10-22 11:27:09 +0800, BME280, 27.290001, 53.872070, 1009.227
2017-10-22 11:27:41 +0800, BME280, 27.290001, 53.860352, 1009.230
2017-10-22 11:28:12 +0800, BME280, 27.280001, 53.814453, 1009.249
2017-10-22 11:28:44 +0800, BME280, 27.290001, 53.837891, 1009.239
2017-10-22 11:29:15 +0800, BME280, 27.280001, 53.825195, 1009.218
2017-10-22 11:29:47 +0800, BME280, 27.280001, 53.847656, 1009.241
2017-10-22 11:30:18 +0800, BME280, 27.290001, 53.804688, 1009.234
2017-10-22 11:30:49 +0800, BME280, 27.290001, 53.804688, 1009.191
2017-10-22 11:31:21 +0800, BME280, 27.290001, 53.849609, 1009.229
2017-10-22 11:31:52 +0800, BME280, 27.290001, 53.837891, 1009.214
